번호,문제,보기1,보기2,보기3,보기4,정답,해설,
1,공항시설법령상 '비행장'의 구분에 명시되지 않은 것은?,육상비행장,수상헬기장,해상구조물헬기장,도심비행장,4,"시행령 제2조(비행장의 구분)에 따르면 비행장은 육상비행장, 육상헬기장, 수상비행장, 수상헬기장, 옥상헬기장, 선상헬기장, 해상구조물헬기장으로 구분된다. 도심비행장은 명시되어 있지 않다.",
2,"국토교통부장관이 공항개발 종합계획을 변경하여야 하는 요건 중, '대통령령으로 정하는 규모 이상의 새로운 비행장개발'에 해당하는 기준으로 올바른 것은?",국가의 재정지원 규모가 100억원 이상이면서 총사업비가 500억원 이상인 비행장개발,비행장개발예정지역의 면적이 10만제곱미터 이상인 육상비행장개발,길이 500미터 이상의 활주로가 신설되거나 기존 활주로의 길이가 500미터 이상 늘어나는 육상비행장개발,국가의 재정지원 규모가 200억원 이상이면서 총사업비가 1천억원 이상인 비행장개발,3,"시행령 제7조(공항개발 종합계획의 수립·변경 등)에 따르면, 1. 국가 재정지원 300억원 이상이면서 총사업비 1천억원 이상, 2. 비행장개발예정지역 면적 20만제곱미터 이상, 4. 길이 500미터 이상의 활주로 신설/연장인 경우 종합계획을 변경하여야 한다.",
3,"공항·비행장개발예정지역 고시에 따라 효용이 현저히 감소한 토지의 매수청구와 관련하여, 매수대상토지의 판정기준 및 매수가격 산정에 대한 설명으로 틀린 것은?",매수예상가격은 매수청구 당시 해당 토지의 개별공시지가로 한다.,매수가격은 표준지공시지가를 기준으로 감정평가법인등 둘 이상이 평가한 금액의 산술평균치로 한다.,토지 매수대상 판정기준 중 하나는 해당 토지의 개별공시지가가 동일한 지목의 개별공시지가 평균치의 100분의 50 미만이어야 한다.,"매수대상토지 판정을 위한 동일 지목의 개별공시지가 평균치 산정 시, 매수대상토지의 개별공시지가도 포함하여 계산한다.",4,"시행령 제22조(매수대상토지의 판정기준) 제1호에 따르면, 동일한 지목의 개별공시지가 평균치 산정 시 '매수대상토지의 개별공시지가는 제외'하고 산출한다.",
4,공항시설법령상 각종 위원회의 구성 인원 기준이 잘못 연결된 것은?,공항개발기술심의위원회 - 위원장을 포함한 100명 이내,공항개발기술심의위원회 분야별 소위원회 - 위원장 1명을 포함하여 10명 이상 30명 이내,공항별 조류충돌예방위원회 - 공동위원장 2명을 포함하여 20명 이내,국토교통부 조류충돌예방위원회 - 위원장 1명을 포함한 20명 이내,4,"시행령 제31조의8(조류충돌예방위원회의 구성·운영) 제2항에 따르면, 국토교통부에 두는 조류충돌예방위원회는 위원장 1명을 포함한 '30명' 이내의 위원으로 구성한다.",
5,항공장애물제한구역 내 수평표면 및 원추표면의 차폐설정 세부 적용기준 중 '차폐물로 허용할 수 있는 범위'에 대한 설명으로 가장 거리가 먼 것은?,차폐적용은 기준장애물의 정상에서 가장 가까운 활주로의 중심선을 향한 선(기준선)을 기준으로 한다.,"전면은 기준장애물로부터 하방경사도 10분의 1의 경사면이 수평표면, 원추표면 및 전이표면의 연장면과 만나는 아랫부분으로 한다.",후면은 기준장애물의 높이로 원추표면과 교차하거나 원추표면의 끝부분까지 연장한 평면의 윗부분으로 한다.,"측면은 후면의 경계선에서 하방경사도 10분의 1의 경사면이 수평표면, 원추표면 및 전이표면의 연장면과 만나는 아랫부분으로 한다.",3,"시행규칙 별표 6 제2호나목 3)나)에 따르면, 후면은 기준장애물의 높이로 원추표면과 교차하거나 원추표면의 끝부분까지 연장한 평면의 '아랫부분'으로 한다. 윗부분이 아니다.",
6,항행안전무선시설 중 거리측정시설(DME)의 지상 설치 기술기준으로 틀린 것은?,"주파수대역은 960MHz에서 1,215MHz까지의 수직편파로 작동되어야 한다.",질문과 응답 주파수의 채널간격은 1MHz 단위로 할당되어야 한다.,무선주파수의 안정도는 할당된 주파수로부터 ±0.005퍼센트 이내여야 한다.,첨두 유효방사 전력은 사용범위 내에서 약 -83dBW/㎡ 이상이어야 한다.,3,"시행규칙 별표 15 제2호다목에 따르면, 거리측정시설(DME)의 무선주파수 안정도는 할당된 주파수로부터 '±0.002 퍼센트' 이내여야 한다. ±0.005%는 VOR 등의 기준과 혼동하기 쉽다.",
7,장애물 제한표면의 기준 중 육상비행장의 수평표면 반지름 길이가 바르게 짝지어진 것은?,"착륙대 등급 A - 4천m, 착륙대 등급 B - 3천5백m","착륙대 등급 C - 3천5백m, 착륙대 등급 D - 3천m","착륙대 등급 E - 2천5백m, 착륙대 등급 F - 2천m","착륙대 등급 G - 1천8백m, 착륙대 등급 H - 1천5백m",1,"시행규칙 별표 2(장애물 제한표면의 기준) 표 2에 따르면 육상비행장의 수평표면 반지름은 A: 4천m, B: 3천5백m, C: 3천m, D: 2천5백m, E: 2천m, F: 1천8백m, G: 1천5백m, H: 1천m, J: 8백m이다.",
8,조류충돌 위험도 평가 대상 비행장 및 평가 실시에 관한 설명으로 옳지 않은 것은?,위험도 평가 대상 비행장은 활주로 길이가 800미터 이상이고 연간 항공기 이착륙 횟수가 1만회 이상인 비행장이다.,위험도 평가는 해당 공항 및 비행장 표점 기준 반경 13킬로미터 이내의 지역을 대상으로 한다.,조류충돌 위험도 평가는 조류충돌 발생 가능성과 조류충돌 피해의 심각도를 포함하여야 한다.,"조류충돌로 항공기 기체에 손상이 발생하더라도, 연 1회 실시하는 정기 평가에 해당 내역을 반영하면 별도의 추가 평가는 실시하지 않아도 된다.",4,"시행령 제19조의10 제3항에 따르면, 조류충돌 위험도 평가는 매년 1회 이상 실시하되, 조류충돌로 항공기의 엔진 및 기체에 손상이 발생한 경우에는 그 시기에 관계없이 별도로 실시해야 한다.",
9,국가에 귀속된 공항시설에 대한 무상사용·수익허가를 위한 총사업비 산정 시 합산되는 비용과 그 기준에 대한 설명으로 틀린 것은?,조사비는 개발사업의 시행을 위한 측량비와 그 밖의 조사비로서 공사비에 포함되지 아니한 비용을 말한다.,공사비 산정 시 각 비용은 「국가를 당사자로 하는 계약에 관한 법률 시행령」에 따른 예정가격 결정기준을 따른다.,"보상비에는 개발사업 시행을 위해 지급된 토지매입비, 이주대책비, 영업권 등 권리에 대한 보상비가 포함된다.",건설이자는 합산액에 대하여 기획재정부장관이 발표하는 국고채 수익률을 적용하여 산정한다.,4,시행령 제30조제3항제6호에 따르면 건설이자의 이자율은 사업기간 중 '한국은행이 발표하는 예금은행 정기예금 가중평균 수신금리'를 적용한다. 국고채 수익률이 아니다.,
10,"골격형 구조의 물체에 항공장애 주간표지로 줄무늬를 칠할 때, 해당 물체의 최대크기가 300미터인 경우 적용해야 할 줄무늬 폭의 기준으로 옳은 것은? (단, 산출된 값이 30m를 초과하지 않음)",최대크기의 1/9,최대크기의 1/11,최대크기의 1/13,최대크기의 1/15,2,시행규칙 별표 10 제4호마목 표에 따르면 물체의 최대크기가 '270m 초과 330m 이하'인 경우 줄무늬의 폭은 최대크기의 1/11로 한다.,
11,공항시설법령상 위반행위에 따른 벌칙의 종류가 다른 하나는?,흡연구역 외의 장소에서 담배를 피우는 행위,보호구역에서 지정된 장소가 아님에도 위험물을 보관하거나 저장한 항공관련업무종사자,기름을 넣거나 배출하는 작업 중인 항공기로부터 30미터 이내의 장소에서 담배를 피우는 행위,내화구조와 소화설비를 갖춘 장소 외에서 가연성 액체를 사용하여 발동기를 청소하는 행위,2,"보기 1, 3, 4번은 공항시설법 제56조 금지행위 위반으로 '범칙금' 부과 대상(별표 4)이다. 반면 2번(지상안전관리기준 위반으로 위험물을 무단 보관/저장)은 법 제31조의3제1항제5호 위반으로 '과태료' 부과 대상(별표 3)이다.",
12,"항공등화의 설치기준 중, 활주로등의 평균광도에 대한 해당 등화의 평균광도 비율(광도비) 및 색상 연결이 올바른 것은?","활주로시단등 - 광도비 1.0~1.5, 색상: 흰색","활주로종단등 - 광도비 0.25~0.5, 색상: 붉은색","접지구역등 - 광도비 1.5~2.0, 색상: 흰색","진입등시스템의 측렬 표시등 - 광도비 1.0~1.5, 색상: 붉은색",2,"시행규칙 별표 14에 따르면 활주로종단등은 0.25~0.5 / 붉은색이 맞다. 활주로시단등은 녹색, 접지구역등은 0.5~1.0, 진입등시스템 측렬표시등은 0.5~1.0이다.",
13,항공기 항행안전을 위한 레이저광선 비행보호공역의 설정범위로 틀린 것은?,"레이저광선 위험공역의 수평범위는 비행장 표점으로부터 반지름 18,500미터(10해리)까지이다.","레이저광선 위험공역의 수직범위는 수평범위의 수직상방으로 지표로부터 3,050미터(10,000피트)까지이다.","레이저광선 제한공역의 수직범위는 수평범위의 수직상방으로 지표로부터 1,000미터(약 3,300피트)까지이다.","레이저광선 제한공역의 수평범위는 각 활주로 중심선으로부터 3,700미터까지 확장된 공역과 활주로 중심선을 따라 폭 750미터로 5,600미터까지 연장된 공역이다.",3,"시행규칙 별표 18에 따르면 레이저광선 제한공역의 수직범위는 수평범위의 수직상방으로 지표로부터 600미터(2,000피트)까지이다.",
14,"육상비행장 분류번호가 '3'이고, 항공기 주륜외곽의 폭(OMGWS)이 '6m 이상 9m 미만'인 경우, 규정상 갖추어야 할 활주로의 최소 폭은?",18m,23m,30m,45m,3,"시행규칙 별표 1 제1호 마목 표에 따르면 분류번호 3, OMGWS 6m 이상 9m 미만일 때 육상비행장 활주로의 폭은 30m이다.",
15,항공정보통신시설의 세부 기술기준 중 AFTN(항공고정통신시스템) 및 AMHS(항공정보처리시스템)에 대한 설명으로 틀린 것은?,모든 AFTN 가입자는 고유한 8자리 어드레스를 부여받아야 한다.,AFTN에서 처리된 항공정보는 Store-and-Forward 방식으로 처리되며 30일 이상 보존되어야 한다.,"AMHS의 통신 프로토콜은 ISO의 개방형 상호접속방식(OSI)을 전면적으로 준수해야만 하며, ITU-T 규격은 사용하지 않는다.","AMHS에서 MTA(Message Transfer Agent)는 메시지 전달과 배달을 담당하고, UA(User Agent)는 생성과 전송을 담당한다.",3,시행규칙 별표 16 제2호 차목에 따르면 AMHS의 통신 프로토콜은 'ITU-T X.400'을 준수하여야 한다.,
16,초경량비행장치 퇴치등으로 인하여 책임 없는 제3자가 입은 신체상 손실 보상기준에 대한 설명으로 옳지 않은 것은?,부상범위 및 등급은 「의사상자 등 예우 및 지원에 관한 법률 시행령」을 준용한다.,부상등급 제1급부터 제8급까지의 등급에 해당하지 않는 신체상 손실은 부상등급 외의 부상으로 본다.,부상등급 외의 부상에 대한 기본 보상금액 한도는 사망자 보상금액의 100분의 5를 최고 한도로 한다.,손실보상기관이 인정하더라도 부상등급 외의 부상에 대해서는 사망자 보상금의 100분의 5를 초과하여 진료비를 지급할 수 없다.,4,"시행령 별표 1 제3호 라목 2)에 따르면, 손실보상기관이 필요하다고 인정하는 경우 100분의 5 최고 한도를 초과하여 실제로 지출된 의료비를 지급할 수 있다.",
17,공항시설법령상 위반행위의 횟수에 따른 1차 위반 시 과태료 부과 금액이 '200만원'인 경우는?,지상안전사고가 발생한 사실을 즉시 신고하지 않은 경우,안전검사를 실시하지 않고 차량 및 장비를 운행하도록 한 경우,사전 승인을 받지 않고 차량을 운전하거나 장비 등을 사용한 경우,교통안전 관련 시설 또는 표지를 훼손한 경우,2,"시행규칙 별표 3에 따르면, 1차 위반 기준 지상안전사고 미신고(개인)는 12만, 미신고(단체)는 50만, 무단운전은 25만, 표지 훼손은 5만이다. 안전검사를 실시하지 않은 경우는 법 제69조제2항제3호 위반으로 1차 부과금액이 200만원이다.",
18,항행안전시설 비행검사 수수료의 감경 또는 면제 기준에 대한 설명으로 틀린 것은?,국가기관 또는 지방자치단체의 요청에 따라 시행하는 비행검사는 수수료를 면제한다.,항행안전시설 연구개발을 목적으로 하는 비행검사는 수수료의 100분의 50을 감경한다.,항행안전시설 관리·운영 위탁자가 사용료를 징수하는 시설 외의 항행안전시설 비행검사는 면제한다.,국토교통부가 지원하는 예산으로 수행하는 항공통신·전자 관련 시설 연구개발 목적의 비행검사는 면제한다.,2,시행규칙 별표 21 제3호 나목에 따르면 항행안전시설 연구개발을 목적으로 하는 비행검사는 수수료의 '100분의 30'을 감경한다.,
19,"항행안전시설 설치 실시계획 승인을 받은 자가 승인받은 사항을 변경할 때, 완성검사를 신청할 때 한꺼번에 신고할 수 있는 '경미한 사항의 변경'에 해당하지 않는 것은?",5백제곱미터 이하의 범위에서의 사업면적 축소,총사업비의 100분의 10 이하의 범위에서의 변경,"사업시행기간의 6개월 이하 범위에서의 연장 (단, 토지 등의 수용이 필요하지 않은 경우)",사업시행기간의 1년 이하 범위에서의 단축,4,"시행규칙 제37조제4항에 따르면 사업시행기간 변경은 '6개월 이하'의 범위 내에서만 경미한 변경으로 본다. 1년 이하의 범위는 비행장개발사업 실시계획(영 제10조)의 기준이며, 항행안전시설에는 적용되지 않는다.",
20,전방향표지시설(VOR)의 지상 설치 기술기준 중 진폭변조 성분과 부반송파에 대한 설명으로 옳은 것은?,"도플러방식(DVOR)의 경우 30Hz 주파수 변조 성분의 위상은 방위에 관계없이 고정되며, 이를 기준위상 신호라 한다.","컨벤셔널방식(CVOR)의 경우 30Hz 진폭변조 성분의 위상은 방위에 따라 변하며, 이를 가변위상 신호라 한다.","9,960Hz의 부반송파에 의한 반송파 변조도는 25퍼센트에서 30퍼센트 이내여야 한다.",도플러방식(DVOR)의 30Hz 진폭변조 성분은 방위에 따라 변하는 회전 전계 패턴에 의해 발생한다.,2,"시행규칙 별표 15 제2호 나목에 따르면, CVOR의 30Hz 진폭변조 성분은 방위에 따라 변하는 '가변위상 신호'이다. 반면 DVOR의 진폭변조 성분은 방위에 관계없이 일정한 '기준위상 신호'이다. 9,960Hz 부반송파 변조도는 28~32% 이내여야 한다.",
21,공항시설법령상 '착륙대(着陸帶)'에 대한 정의로 가장 적절한 것은?,항공기의 이륙과 착륙을 위하여 설치된 지표면 또는 수면의 일정한 구역,활주로와 항공기가 활주로를 이탈하는 경우 항공기와 탑승자의 피해를 줄이기 위하여 활주로 주변에 설치하는 안전지대,공항구역 밖의 시설 중 항공기의 이착륙을 돕기 위해 국토교통부장관이 지정한 안전시설,항공기의 안전운항을 위하여 공항 또는 비행장 주변에 장애물의 설치가 제한되는 표면,2,법 제2조제13호에 따르면 착륙대란 활주로와 항공기가 활주로를 이탈하는 경우 항공기와 탑승자의 피해를 줄이기 위하여 활주로 주변에 설치하는 안전지대이다. [출처: 공항시설법 제2조],
22,공항운영자가 징수하는 사용료의 종류 중 항공기의 '최대 이륙중량'을 기준으로 산정하지 않는 것은?,착륙료,조명료,정류료,촬영 및 광고료,4,"시행규칙 별표 5의2 제2호에 따르면 착륙료는 최대 이륙중량, 조명료는 조명을 받는 항공기의 수, 정류료는 항공기의 무게 및 정류시간을 기준으로 한다. 촬영 및 광고료는 중량 기준이 아니다. [출처: 공항시설법 시행규칙 별표 5의2]",
23,항공장애물 표시등 중 '중광도 A형태'의 신호형태 및 배경휘도별 광도 기준으로 옳은 것은?,"고정, 주간 20,000cd","섬광(20~60fpm), 주간 20,000cd","섬광(40~60fpm), 주간 200,000cd","섬광(20~60fpm), 야간 2,000cd",2,"시행규칙 별표 10 제1호나목 표에 따르면 중광도 A형태는 흰색, 섬광(20~60fpm), 주간 20,000cd, 박명 20,000cd, 야간 2,000cd이다. [출처: 공항시설법 시행규칙 별표 10]",
24,공항시설법령상 항행안전시설에 대한 설명으로 옳은 것은?,항행안전시설의 완성검사 업무는 원칙적으로 지방항공청장이 수행한다.,지방항공청장은 완성검사 업무를 수행할 때 항공교통본부장에게 업무를 위임할 수 있다.,항공로용으로 사용되는 항공정보통신시설의 완성검사 권한은 항공교통본부장에게 있다.,"항행안전시설 설치허가를 받은 자는 완성검사 확인증을 발급받기 전에는 해당 시설을 사용할 수 없으며, 예외는 존재하지 않는다.",3,시행규칙 제38조에 따라 항공로용 항공정보통신시설 및 항행안전무선시설의 완성검사는 항공교통본부장이 수행한다. 예외적으로 사용허가를 받은 경우에는 사용 가능하다. [출처: 공항시설법 시행규칙 제38조],
25,공항개발사업 시행허가 시 국토교통부장관이 부가할 수 있는 조건으로 명시되지 않은 것은?,관계 토지 및 시설을 국가에 귀속시킬 것,도로 및 상하수도 기반시설 설치 비용을 시행자가 부담할 것,사업 시행 중 발생할 수 있는 소음·진동에 대한 배상 책임액을 예치할 것,공항의 유지·보수를 위한 시설은 귀속 대상에서 제외할 것,3,"법 제6조제4항에 따르면 국가 귀속 조건 및 기반시설 설치 비용 부담 조건은 명시되어 있으나, 소음·진동 배상 책임액 예치는 명시되어 있지 않다. [출처: 공항시설법 제6조]",
26,공항별 조류충돌예방위원회의 구성 인원 및 공동위원장에 대한 설명으로 옳은 것은?,"20명 이내로 구성하며, 공동위원장은 지방항공청장과 공항운영자가 지명하는 사람이 된다.","20명 이내로 구성하며, 공동위원장은 해당 공항 관할 지방항공청장이 지명하는 사람과 공항운영자가 공동으로 된다.","30명 이내로 구성하며, 위원장은 국토교통부장관이 지명한다.","20명 이내로 구성하며, 위원장은 지방항공청장이 지명한다.",2,"시행규칙 제19조의9에 따르면 공항별 조류충돌예방위원회는 공동위원장 2명을 포함하여 20명 이내로 구성하며, 공동위원장은 관할 지방항공청장이 지명하는 사람과 공항운영자가 공동으로 맡는다. [출처: 공항시설법 시행규칙 제19조의9]",
27,"항공장애물 차폐기준 중 '수평표면 및 원추표면의 차폐'와 관련하여, 후면(그림 1 'B')의 정의로 올바른 것은?",기준장애물 정상에서 기준선의 좌측 및 우측으로 45도 선을 그어 구분한 영역,기준장애물의 높이로 원추표면과 교차하거나 원추표면의 끝부분까지 연장한 평면의 아랫부분,전이표면이나 진입표면 외측경계선에서 상방경사도 7분의 1의 경사면의 아랫부분,기준장애물로부터 하방경사도 10분의 1의 경사면이 수평표면과 만나는 부분,2,시행규칙 별표 6에 따르면 후면은 기준장애물의 높이로 원추표면과 교차하거나 원추표면의 끝부분까지 연장한 평면의 아랫부분이다. [출처: 공항시설법 시행규칙 별표 6],
28,항행안전시설 설치허가 신청서에 첨부해야 하는 서류 중 '성능적합증명'과 관련된 서류가 아닌 것은?,부품표,제작된 시설의 성능 확보의 방법 및 절차를 적은 서류,지상 비행성능 시험방법 및 성능시험 결과서,주변 지형 및 장애물 분포 현황도,4,"시행규칙 제43조에 따른 성능적합증명 신청 서류에는 설계도서, 부품표, 성능 확보 방법·절차서, 시험방법 및 결과서 등이 포함되나, 주변 지형 및 장애물 현황도는 항행안전시설 설치허가 신청 시 포함되는 일반 설계도서와는 구분되는 성능적합증명 전용 서류가 아니다. [출처: 공항시설법 시행규칙 제43조]",
29,공항안전운영기준에 따라 공항운영자가 마련해야 할 비상계획의 대상 비상사태가 아닌 것은?,공항 및 공항 주변 항공기사고,,공항의 자연재해,항공기 연료 유출에 따른 환경오염사고,4,"시행규칙 별표 4 제6호 단서에 따르면 비상계획의 대상은 가. 항공기사고, 나. 비행 중 사고, 다. 폭탄위협 및 불법납치, 라. 자연재해, 마. 응급치료를 필요로 하는 사고이다. 환경오염사고는 조류충돌 예방계획 등과는 별개이며 비상계획 항목에는 명시되지 않는다. [출처: 공항시설법 시행규칙 별표 4]",폭탄위협 및 불법납치사고
30,항공등화 중 '진입등시스템'의 평균광도비 기준과 색상으로 옳은 것은?,"중심선 표시등: 1.0~1.5, 흰색","중심선 표시등: 1.5~2.0, 흰색","측렬 표시등: 0.5~1.0, 흰색","측렬 표시등: 0.25~0.5, 붉은색",2,"시행규칙 별표 14 제2호에 따르면 진입등시스템의 중심선 표시등은 1.5~2.0, 흰색이며, 측렬 표시등은 0.5~1.0, 붉은색이다. [출처: 공항시설법 시행규칙 별표 14]",
31,항공관련업무 수행단체가 지상안전사고 예방을 위해 작성해야 할 '매뉴얼'에 포함되어야 할 내용이 아닌 것은?,위반 사항으로 인해 발생할 수 있는 안전사고 유형과 피해 사례,지상안전사고 예방대책의 내용,항공관련업무종사자 교육 실적 보고 양식,차량 운전 등에 대한 사전 승인 관련 절차,3,"시행규칙 제19조의3에 따르면 매뉴얼에는 안전사고 유형, 피해 사례, 예방대책 등이 포함되어야 한다. 교육 실적 보고 양식은 매뉴얼에 포함될 사항이 아니다. [출처: 공항시설법 시행규칙 제19조의3]",
32,다음 중 표시등 설치를 생략할 수 있는 장애물의 조건으로 옳지 않은 것은?,"표시등이 설치된 구조물로부터 600m 이내이고, 장애물 차폐면보다 낮은 구조물 (철탑 제외)","표시등이 설치된 구조물로부터 45m 이내이고, 그 높이가 설치된 구조물과 같거나 낮은 구조물",장애물 제한표면 밖의 지역에 설치된 높이 150m 이상의 구조물,고광도 표시등을 설치하여 운영되는 주간 장애물 중 높이 150m 이하인 구조물,3,시행규칙 별표 11 제1호 다목에 따르면 장애물 제한표면 밖의 지역에 설치된 높이 150미터 '미만'의 구조물은 표시등 설치를 생략할 수 있다. 150미터 이상인 구조물은 제외되지 않는다. [출처: 공항시설법 시행규칙 별표 11],
33,공항개발기술심의위원회의 위원 해임 및 해촉 사유가 아닌 것은?,심신장애로 인하여 직무를 수행할 수 없게 된 경우,직무와 관련된 비위사실이 있는 경우,위원 스스로 직무 수행이 곤란하다고 의사를 밝힌 경우,위원의 친족이 해당 안건의 이해관계자임을 확인한 경우,4,"시행령 제12조에 명시된 해임/해촉 사유는 심신장애, 비위사실, 직무태만/품위손상, 제척사유 미회피, 본인 의사표명이다. 단순 친족 이해관계자 확인 자체는 제척/회피 사유이지 해촉 사유는 아니다. [출처: 공항시설법 시행령 제12조]",
34,공항시설관리권 등록부에 관한 설명으로 틀린 것은?,공항시설관리권은 물권으로 본다.,공항시설관리권은 민법 중 부동산에 관한 규정을 준용한다.,공항시설관리권의 설정·변경·소멸은 공항시설관리권 등록부에 등록함으로써 효력이 발생한다.,활주로 등 중요 공항시설에 설정된 공항시설관리권은 저당권자의 동의가 없어도 자유롭게 저당권을 설정할 수 있다.,4,법 제27조제2항에 따르면 중요 공항시설에 설정된 공항시설관리권에 대해서는 저당권을 설정할 수 없다. [출처: 공항시설법 제27조],
35,공항시설법 시행령상 지방항공청장에게 위임된 권한으로 명시되지 않은 것은?,개발사업의 시행허가 및 실시계획의 수립,공항시설 사용 휴지·폐지 승인,항행안전시설 설치허가 및 설치기준 고시,이착륙장의 관리,3,"시행령 제55조에 따르면 지방항공청장에게 위임된 권한 중 항행안전시설의 설치허가는 포함되나, 항행안전시설 '설치기준 고시'는 국토교통부장관의 권한이다. [출처: 공항시설법 시행령 제55조]",
36,항공학적 검토 전문기관으로 지정될 수 있는 기관이 아닌 것은?,정부출연연구기관 등의 설립·운영 및 육성에 관한 법률에 따른 연구기관,과학기술분야 정부출연연구기관 등의 설립·운영 및 육성에 관한 법률에 따른 연구기관,민법에 따라 국토교통부장관의 허가를 받아 설립된 비영리법인(항행안전시설 관련),항공안전기술원법에 명시된 항공안전기술원,4,시행규칙 제26조(항공학적 검토 전문기관)에 명시된 기관은 정부출연연구기관 2곳과 국토교통부령 기준 인력/장비 갖춘 법인 등이다. 법 조문에 '항공안전기술원법'은 직접 언급되지 않는다. [출처: 공항시설법 시행규칙 제26조],
37,"이착륙장 설치허가를 받은 자가 준공확인증명서를 받기 전, 국토교통부장관으로부터 사용허가를 받아 시설을 사용할 수 있는 경우로 볼 수 없는 것은?",재해복구 또는 재난수습에 필요한 응급조치를 위하여 사용하려는 경우,사용 허가를 받은 날부터 20일 이내에 준공검사를 완료하는 경우,국토교통부장관으로부터 준공확인 전 사용허가를 받은 경우,건축법에 따른 허가권자로부터 사용승인을 받은 경우,2,"준공확인 전 사용허가 절차는 준공검사 완료 여부와 관계없이 신청을 통해 사용허가를 받는 것이지, 20일 이내에 검사가 완료되어야 한다는 조건은 명시되지 않았다. [출처: 공항시설법 시행령 제14조, 시행규칙 제20조]",
38,공항 및 공항 주변 항공기사고 시 공항운영자가 비상계획을 수립할 때 근거로 삼아야 하는 기준은?,항공안전법 제2조에 따른 항공기사고 조사 기준,국제민간항공조약 부속서 14,재난 및 안전관리 기본법 제34조,공항시설법 제5조에 따른 공항개발 종합계획,2,"시행규칙 별표 4 제6호 단서에 따르면, 공항 비상계획 수립 시 국제민간항공조약 부속서 14의 기준을 따라야 한다. [출처: 공항시설법 시행규칙 별표 4]",
39,"지상조업, 항공기 견인 등에 사용되는 차량의 등록에 관한 설명으로 옳지 않은 것은?",보호구역에서 사용하는 차량은 공항운영자에게 등록해야 한다.,등록된 차량 및 장비는 공항관리기관이 정하는 바에 따라 안전도 검사를 받아야 한다.,등록 신청 시 차량 및 장비의 앞면 및 옆면 사진 각 1매를 제출해야 한다.,계류장에서만 사용되는 장비와 차량은 예외 없이 등록하여 안전도 검사를 받아야 한다.,4,시행규칙 별표 4 제16호 단서에 따르면 계류장에서만 사용되는 장비와 차량은 등록 대상 및 안전도 검사 대상에서 '제외'된다. [출처: 공항시설법 시행규칙 별표 4],
40,항공정보통신시설 중 '음성통신제어시설(VCCS)'에 대한 설명으로 틀린 것은?,"관제탑, 접근관제소 등에서 사용하는 공중 대 지상 통신과 직통전화 통신을 서로 다른 모듈로 배분할 수 있어야 한다.",송신 또는 수신 무선주파수의 선택/해제는 운영석에 할당된 패널의 버튼에 의해 이루어져야 한다.,항공직통전화시설은 국내 관련 관제기관 및 정보제공기관 간의 통신 기능만 수행하며 해외 기관과는 연동되지 않는다.,항공기 사고조사를 위해 교신 내용 녹음장치를 설치해야 한다.,3,시행규칙 별표 16 제2호 아목에 따르면 항공직통전화시설은 '국내외 관련 항공교통관제기관 및 항공정보제공기관' 간의 통신을 지원해야 한다. 해외 기관이 제외되지 않는다. [출처: 공항시설법 시행규칙 별표 16],
41,장애물의 제한이나 제거 요구에 따른 손실보상 및 토지 매수에 관한 설명으로 가장 틀린 것은?,"매수가격은 당사자 간 협의가 원칙이며, 불가 시 2 이상의 감정평가법인등이 평가한 산술평균치로 한다.","감정평가를 위해 당사자는 각각 감정평가법인등 1개를 선정할 수 있으며, 한쪽이 추천하지 않으면 상대방이 2개를 선정할 수 있다.",감정평가에 필요한 비용은 매수청구를 한 장애물소유자등이 전액 부담해야 한다.,손실보상에 관한 당사자 간 별도 합의가 없는 경우 현금으로 보상해야 한다.,3,장애물 매수를 위한 감정평가에 필요한 비용은 국토교통부장관 또는 사업시행자등이 부담하여야 한다 [cite: 216]. 당사자 간 합의가 없으면 현금 보상이 원칙이다 [cite: 216].,
42,항공학적 검토위원회의 구성 및 운영에 대한 설명으로 옳은 것은?,위원회는 위원장 1명을 포함한 20명 이내의 위원으로 구성된다.,"위원회의 회의는 재적위원 과반수의 출석으로 개의하고, 출석위원 3분의 2 이상의 찬성으로 의결한다.",위원회의 위원장이 부득이한 사유로 직무를 수행할 수 없을 때에는 국토교통부장관이 임의로 지명한 위원이 그 직무를 대행한다.,간사는 국토교통부에서 항공학적 검토 업무를 담당하는 과장이 된다.,4,"항공학적 검토위원회에 사무를 처리할 간사 1명을 두며, 간사는 국토교통부에서 항공학적 검토 업무를 담당하는 과장이 된다 [cite: 234]. 위원회는 위원장 포함 10명 이내로 구성되며, 회의는 재적 3분의 2 이상 출석 개의, 출석 과반수 찬성 의결이다 [cite: 233]. 직무 대행은 위원장이 '미리' 지명한 위원이 한다 [cite: 233].",
43,공항운영자가 국토교통부장관에게 변경인가를 받지 않고 '변경신고'만으로 처리할 수 있는 공항운영규정의 경미한 사항에 해당하지 않는 것은?,교육훈련프로그램의 변경,공항의 행정에 관한 조직도 변경,자체 안전점검프로그램의 변경,공항안전운영기준에 미달하는 사항을 보완하기 위한 대체시설의 변경,4,"공항안전운영기준에 미달하는 사항을 보완하기 위한 대체시설이나 대체운영절차에 관한 사항은 심사를 통해 변경인가를 받아야 하는 중대한 사항이다 [cite: 234]. 세부 운영규정, 안전점검프로그램, 교육훈련프로그램, 조직도 등은 경미한 사항으로 신고 대상이다 [cite: 246].",
44,"공항운영자에 대한 과징금 부과 시, 국토교통부장관이 과징금 금액의 2분의 1 범위에서 그 금액을 늘릴 수 있는 요건(가중 사유)으로 명시되지 않은 것은?",위반의 내용 및 정도가 중대하여 공중에 미치는 영향이 크다고 인정되는 경우,법 위반상태의 기간이 6개월 이상인 경우,위반행위자가 법 위반상태를 시정하거나 해소하기 위하여 노력한 사실이 인정되는 경우,위반행위의 동기와 그 결과 및 위반 횟수 등을 고려하여 과징금 금액을 늘릴 필요가 있다고 인정되는 경우,3,위반행위자가 법 위반상태를 시정하거나 해소하기 위하여 노력한 사실이 인정되는 경우는 과징금을 2분의 1 범위에서 줄일 수 있는 '감경 사유'에 해당한다 [cite: 549].,
45,"공항시설 등에서의 금지행위 위반 시 부과되는 범칙금과 관련하여, 1차 위반 시 범칙금액이 '8만원'인 범칙행위로만 묶인 것은?","공항 시설 무단 점유 행위, 영업을 목적으로 손님을 부르는 행위","노숙하는 행위, 폭언 또는 고성방가 등 소란을 피우는 행위","광고물을 설치하는 행위, 불을 피우는 행위","영업행위, 보호구역 외의 장소에서 담배를 피우는 행위",1,"영업행위, 시설 무단 점유, 구매 강요 또는 손님을 부르는 행위는 1차 위반 시 8만원의 범칙금이 부과된다 [cite: 582]. 노숙, 소란, 광고물 부착 등은 5만원이다 [cite: 582].",
46,항공장애 표시등 및 항공장애 주간표지의 설치를 생략할 수 있는 구조물의 조건에 대한 설명으로 틀린 것은?,장애물이 주간에 고광도 표시등을 설치하여 운영되는 경우에는 표지의 설치를 생략할 수 있다.,장애물이 등대(lighthouse)인 경우에는 표시등 및 표지의 설치를 모두 반드시 생략하여야 한다.,장애물이 주간에 중광도 A형태의 표시등을 설치하여 운영되는 구조물 중 그 높이가 지표 또는 수면으로부터 150미터 이하인 구조물에는 표지의 설치를 생략할 수 있다.,"고정 장애물 등에 의하여 비행로가 광범위하게 장애가 되는 곳에서 정해진 비행로 미만으로 수직 간격이 확보된 경우, 표시등 및 표지 설치를 생략할 수 있다.",2,"장애물이 등대(lighthouse)인 경우에는 표시등의 설치를 생략'할 수 있다'고 규정되어 있으나, 반드시 생략해야 하는 의무 규정은 아니다 [cite: 821]. 고광도 표시등이나 150m 이하 중광도 A형태 표시등 운영 시 표지 생략이 가능하다 [cite: 820].",
47,육상비행장 활주로의 폭을 결정하는 규정 중 틀린 것은?,분류번호가 1이고 항공기 주륜외곽의 폭이 4.5m 미만인 활주로의 폭은 최소 18m이다.,분류번호가 2이고 항공기 주륜외곽의 폭이 4.5m 이상 6m 미만인 활주로의 폭은 최소 23m이다.,분류번호가 1 또는 2인 정밀접근 활주로의 폭은 어떠한 경우에도 30m 이상이어야 한다.,분류번호가 3이고 항공기 주륜외곽의 폭이 9m 이상 15m 미만인 활주로의 폭은 30m로 한다.,4,"육상비행장의 활주로 폭 기준에 따라, 분류번호가 3이더라도 주륜외곽의 폭이 9m 이상 15m 미만인 경우에는 활주로 폭을 45m로 확보해야 한다 [cite: 604]. 정밀접근 활주로(1, 2)는 30m 이상 규정이 있다 [cite: 605].",
48,비정밀접근 및 비계기접근에 사용되는 육상비행장의 진입표면 경사도에 대한 설명으로 옳은 것은?,"착륙대 등급 A, B, C, D의 경사도는 50분의 1이다.","착륙대 등급 E, F의 경사도는 일률적으로 30분의 1로 정해져 있다.",착륙대 등급 G의 경사도는 25분의 1이다.,"착륙대 등급 H, J의 경사도는 15분의 1이다.",3,"비정밀접근 및 비계기접근 육상비행장의 진입표면 경사도는 A~D: 40분의 1, E~F: 40분의 1~30분의 1 범위에서 지정, G: 25분의 1, H~J: 20분의 1이다 [cite: 660].",
49,공항시설 및 비행장시설 관리기준에 따라 공항운영자가 매년 수립해야 하는 '공항환경관리계획'에 반드시 포함되어야 하는 항목만을 모두 고른 것은?,"대기질, 수질","수질, 토양, 소음","대기질, 수질, 토양, 온실가스관리","대기질, 수질, 소음, 진동, 온실가스관리",3,공항운영자는 대기질·수질·토양 등 환경 및 온실가스관리가 포함된 공항환경관리계획을 매년 수립하여야 한다고 명시되어 있다 [cite: 712]. 소음이나 진동은 이 조항에 별도로 명시되어 있지 않다.,
50,항행안전무선시설 중 계기착륙시설(ILS)의 '방위각제공시설(LLZ)' 기술기준에 대한 설명으로 옳지 않은 것은?,단일 무선주파수 반송파가 사용될 경우의 주파수 허용편차는 ±0.005퍼센트 이내여야 한다.,두 개의 무선주파수 반송파가 사용될 경우의 주파수 허용편차는 ±0.002퍼센트 이내여야 한다.,반송파의 주파수대역은 108MHz에서 111.975MHz까지의 주파수대로 동작해야 한다.,"식별부호는 1,020Hz±50Hz로 반송파를 주파수변조(FM)하여 2~3개의 영문자 국제 모르스 부호로 송신해야 한다.",4,"방위각제공시설(LLZ)의 식별부호는 1,020Hz±50Hz로 반송파를 주파수변조(FM)가 아닌 '진폭변조'하여 송신해야 한다 [cite: 1011]. 주파수 허용편차 및 대역은 보기 내용과 일치한다 [cite: 1005].",
51,항행안전시설 사용료를 납부기한까지 내지 아니한 자에 대한 연체금 및 징수에 관한 설명으로 가장 거리가 먼 것은?,연체금은 체납기간 1일마다 체납된 사용료에 1일 10만분의 28의 율을 초과하지 않는 범위에서 정해진 연체이자율을 곱하여 산정한다.,연체금의 총 한도는 시행령에 따라 체납된 사용료의 100분의 30을 초과할 수 없다.,"납부기한까지 사용료를 내지 않으면 15일 이내의 기간을 정하여 납부를 고지해야 하며, 이후 두 번 이내의 범위에서 추가로 고지할 수 있다.",한국공항공사가 연체이자율을 정하는 경우에는 국토교통부장관의 단독 승인만 받으면 되며 별도 이사회의 의결은 거치지 않는다.,4,"한국공항공사나 인천국제공항공사가 연체이자율을 정하는 경우에는 반드시 '이사회의 의결'을 거쳐야 한다 [cite: 213]. 연체금 상한은 100분의 30이다 [cite: 213, 277].",
52,계기착륙시설(ILS) 중 '활공각제공시설(GP)'의 수직 도달범위 기술기준으로 올바른 것은?,수평면을 기준으로 수직상단 1.50θ에서 하단 0.50θ까지 제공,수평면을 기준으로 수직상단 1.75θ에서 하단 0.45θ까지 제공 (진입절차상 필요 시 0.30θ까지 확장),수평면을 기준으로 수직상단 2.00θ에서 하단 0.30θ까지 제공,수평면을 기준으로 수직상단 1.25θ에서 하단 0.45θ까지 제공,2,"활공각제공시설(GP)의 수직 도달범위는 수평면을 기준으로 수직으로 상단 1.75θ에서 하단 0.45θ까지이며, 활공각 교차 진입절차를 준수해야 하는 경우에는 하단 0.30θ까지 확장해야 한다 [cite: 1016].",
53,항공장애 주간표지의 설치기준 중 물체의 채색 및 무늬에 관한 설명으로 틀린 것은?,수직면에 투영된 물체의 가로 및 세로가 모두 4.5미터 이상인 경우에는 체크무늬 형태의 색채로 표지해야 한다.,체크무늬 형태는 한 변이 1.5미터 이상 3미터 이하의 직사각형이어야 한다.,한 면의 가로가 1.5미터를 초과하고 세로가 4.5미터 미만인 물체는 표지 목적상 단일색으로만 칠해야 한다.,"줄무늬는 가장 긴 변 쪽으로 직각형태이어야 하며, 두 가지 색상을 번갈아 칠해야 한다.",3,물체의 한 면의 가로 또는 세로가 각각 1.5미터를 초과하고 다른 한 면이 4.5미터 미만인 물체는 단일색이 아니라 '교대로 대조되는 줄무늬가 보이도록 채색'하여야 한다 [cite: 894]. 체크무늬는 4.5m 이상일 때 적용된다 [cite: 890].,
54,사업시행자가 국가에 귀속된 공항시설을 무상사용·수익할 수 있는 기간의 산정 기준으로 옳은 것은?,준공확인일로부터 최대 50년까지의 범위에서 국토교통부장관이 정하는 기간,그 시설을 유상으로 사용할 경우의 사용료 총액이 산출된 총사업비에 도달할 때까지의 기간,총사업비의 10%에 해당하는 이익이 지속적으로 발생할 때까지의 기간,실시계획 승인일로부터 30년이 되는 날까지의 기간,2,무상으로 사용·수익할 수 있는 기간은 그 시설을 유상으로 사용할 경우의 사용료 총액이 산출된 총사업비에 도달할 때까지로 한다 [cite: 153].,
55,공항개발사업의 범위에 해당하는 '부대공사'의 내용에 포함되지 않는 것은?,개발사업에 필요한 토석채취장의 개발,개발사업과 관련된 건설인력을 수용하기 위한 숙소 및 편의시설 건설,공항시설 등에서 배출되는 분뇨·오수 등을 처리하기 위한 폐수처리시설 건설,공항 이용객을 위한 대규모 상업·위락·판매 시설의 건설,4,"대규모 상업·위락 시설은 공항개발사업의 기본/지원시설에 해당할 수 있으나, 공사를 위한 '부대공사(토석채취, 진입도로, 숙소, 장애물 제거, 폐수처리시설 등)' 범위에는 속하지 않는다 [cite: 118].",
56,"육상비행장과 육상헬기장, 수상비행장의 착륙대 등급 분류 기준에 대한 설명으로 틀린 것은?","육상비행장 착륙대 등급 A는 활주로 길이가 2,550m 이상인 경우이다.","육상비행장 착륙대 등급 C는 활주로 길이가 1,800m 이상 2,150m 미만인 경우이다.","수상비행장 착륙대 등급 4는 착륙대 길이가 1,500m 이상인 경우이다.","수상비행장 착륙대 등급 1은 착륙대 길이가 1,000m 미만인 경우이다.",4,"수상비행장의 착륙대 등급 1은 착륙대 길이가 1,000m 미만이 아니라 '800m 미만'인 경우이다 [cite: 601].",
57,항공장애 표시등의 설치위치에 대한 설명으로 틀린 것은?,"표시등이 인접 장애물에 의해 차폐되는 경우, 차폐된 표시등이 장애물 확인에 도움이 되지 않으면 추가 설치를 생략할 수 있다.",굴뚝의 경우 연기 등으로 표시등 기능이 저하되는 것을 막기 위해 정상에서 아래쪽으로 1.5~3m(플레어 스택은 최대 6m) 낮은 곳에 설치할 수 있다.,"넓은 범위에 걸친 여러 건물이 밀접한 경우, 가장자리가 같은 높이일 때는 착륙지역에서 가장 먼 가장자리에 우선 설치해야 한다.","장애물 제한표면보다 가장 근접한 지점이 물체의 정상점이 아닌 경우, 그 물체의 정상점에도 표시등을 추가로 설치해야 한다.",3,가장자리가 같은 높이일 경우에는 착륙지역에서 가장 '가까운' 가장자리에 설치해야 조종사가 쉽게 식별할 수 있다 [cite: 866]. 굴뚝은 1.5~3m 아래에 설치할 수 있는 것이 맞다 [cite: 863].,
58,항행안전무선시설 중 다변측정감시시설(MLAT)의 기능 및 기술기준에 대한 설명으로 옳은 것은?,1차 감시레이더(PSR) 신호를 이용하여 반사파의 시간차를 분석하는 방식이다.,탐지장치는 2차 감시레이더 트랜스폰더에서 송신되는 신호를 지상의 다수 수신기로 수신하여 위치 정보를 자료처리장치에 제공한다.,자료처리장치는 기상 레이더와 연동하여 비구름 등의 기상 상태를 관제용 현시장치에 표시하는 것이 주된 목적이다.,"수평 방위각 탐지 오차는 ±0.5도 이내여야 하며, 고도 탐지 기능은 원천적으로 지원하지 않는다.",2,"다변측정감시시설(MLAT)은 2차 감시레이더(SSR) 트랜스폰더에서 송신되는 신호의 도달 시간차를 지상의 여러 수신기가 비교·분석하는 다변측정방식을 이용한다 [cite: 1104, 1106].",
59,공항운영자가 매년 실시하는 '조류충돌 위험도 평가'에 관한 설명으로 틀린 것은?,조류충돌 위험도 평가는 비행장 표점 기준 반경 13킬로미터 이내의 지역을 대상으로 한다.,조류충돌 위험도 평가에는 조류충돌 발생 가능성과 피해의 심각도가 포함되어야 한다.,조류충돌 위험도 평가는 매년 2회 이상 정기적으로 실시하는 것이 원칙이다.,조류충돌로 항공기의 엔진이나 기체에 손상이 발생한 경우에는 정기 평가 시기와 무관하게 별도로 위험도 평가를 실시해야 한다.,3,조류충돌 위험도 평가는 매년 '1회' 이상 실시하는 것이 원칙이다 [cite: 161].,
60,이착륙장을 관리하는 자가 제정해야 하는 '이착륙장 관리규정'에 필수적으로 포함되어야 할 사항으로 명시되지 않은 것은?,이착륙장의 운용 시간,경량항공기 또는 초경량비행장치를 위한 연료 보급 장소 및 정비 장소,이착륙장 안에서의 행위를 제한하는 경우 그 제한 대상 행위,재해·사고 등이 발생한 경우의 시각·원인·상황과 이에 대한 상세 조치 내역,4,"재해·사고의 시각, 원인, 상황 및 조치 내역은 이착륙장 '관리대장'에 기록해야 할 사항이며, '관리규정'에 포함하는 항목(운용시간, 비행구역, 연료보급, 출입제한 등)과는 구분된다 [cite: 189, 190].",
61,공항운영증명의 등급 구분에 대한 설명으로 가장 옳지 않은 것은?,1등급은 국내 및 국제항공운송사업에 사용되고 최근 5년 평균 연간 운항횟수가 3만회 이상인 공항이다.,2등급은 국내 및 국제항공운송사업에 사용되고 최근 5년 평균 연간 운항횟수가 3만회 미만인 공항이다.,"3등급은 국내항공운송사업에만 사용되는 공항으로, 부정기편만 운항하는 공항도 포함된다.",4등급은 1등급부터 3등급까지에 해당하지 아니하는 공항으로서 항공운송사업에 사용되는 공항이다.,3,"시행규칙 제47조제2항제3호에 따르면 3등급은 국내항공운송사업에 사용되는 공항을 말하지만, 부정기편만 운항하는 공항은 제외된다.",
62,항공기의 급유 또는 배유 시 지켜야 할 사항으로 옳지 않은 것은?,발동기가 운전 중이거나 가열상태에 있을 경우에는 급유 또는 배유를 하지 않아야 한다.,항공기가 격납고 기타의 건물의 외측 10미터 이내에 있을 경우에는 급유 또는 배유를 하지 않아야 한다.,급유 시에는 항공기와 급유장치 간에 전위차를 없애기 위하여 전도체로 연결(Bonding)을 하여야 한다.,항공기와 지면과의 전기저항 측정치 차이가 1메가옴 이상인 경우에는 추가로 항공기 또는 급유장치를 접지시켜야 한다.,2,시행규칙 별표 4 제14호가목3)에 따르면 항공기가 격납고 기타의 건물의 외측 15미터 이내에 있을 경우에는 급유 또는 배유를 하지 말아야 한다.,
63,장애물 또는 항공장애 표시등과 관련하여 발하여진 시정명령 등을 이행하지 않은 자에게 부과되는 이행강제금에 대한 설명으로 가장 거리가 먼 것은?,표시등을 설치하지 아니한 자에게 발령된 설치 명령을 이행하지 않은 경우 1천만원 이하의 이행강제금이 부과된다.,표시등 관리 실태 검사 결과 관리상 하자에 따른 시정명령을 위반한 경우 500만원 이하의 이행강제금이 부과된다.,이행강제금은 최초의 시정명령이 있었던 날을 기준으로 1년에 2회씩 반복하여 부과·징수할 수 있다.,"시정명령을 받은 자가 명령을 이행한 경우에는 새로운 이행강제금 부과를 중지하되, 이미 부과된 이행강제금은 징수하여야 한다.",3,법 제70조제4항에 따르면 이행강제금은 최초의 시정명령이 있었던 날을 기준으로 1년에 한 번씩 그 시정명령이 이행될 때까지 반복하여 부과·징수할 수 있다.,
64,항행안전무선시설 중 전술항행표지시설(TACAN)의 기술기준에 관한 설명 중 틀린 것은?,방위각 정보를 제공하기 위하여 15Hz 및 135Hz의 진폭변조가 이루어져야 한다.,15Hz의 최고 진폭이 정동방향에 위치할 경우 자북 기준신호가 송신되어야 한다.,자북 기준신호로부터 60도의 간격을 갖는 보조기준신호를 송신하여야 한다.,"자북 기준신호는 1초당 180개의 펄스쌍들이 송신되며, 보조기준신호는 1초당 720개의 펄스쌍이 송신된다.",3,시행규칙 별표 15 제2호바목2)나)에 따르면 TACAN의 자북 기준신호로부터 40도의 간격을 갖는 보조기준신호를 송신해야 한다.,
65,초경량비행장치 퇴치등으로 인한 손실보상금 지급 절차에 대한 설명으로 옳은 것은?,"손실보상기관은 손실보상금을 분할하여 지급할 수 없으며, 예외 없이 현금으로 일시 지급해야 한다.",손실보상청구를 받은 손실보상기관은 청구를 받은 날부터 30일 이내에 손실보상금을 지급해야 한다.,손실보상금 지급에 부득이한 사유가 있는 경우에는 손실보상 청구인에게 사유를 통지하고 30일의 범위에서 두 차례 연장할 수 있다.,손실보상금을 지급받은 원인과 동일한 원인으로 부상이 악화되어 부상등급이 변경된 경우 추가 지급을 청구할 수 있다.,4,"시행령 제50조의3제5항에 따르면 부상이 악화되어 부상등급이 변경된 경우 손실보상금 추가 지급을 청구할 수 있다. 손실보상금은 예외적으로 분할 가능하며, 지급 기한은 60일 이내(1회 30일 연장 가능)이다.",
66,레이저광선 비행보호공역의 허용 출력한계 기준으로 바르게 짝지어진 것은?,레이저광선 제한공역 - 1제곱센티미터당 50마이크로와트 이하,레이저광선 위험공역 - 1제곱센티미터당 5마이크로와트 이하,레이저광선 민감공역 - 1제곱센티미터당 100나노와트 이하,정상비행공역 - 1제곱센티미터당 10마이크로와트 이하,2,"시행규칙 별표 18 제2호에 따르면 레이저광선의 허용출력한계는 제한공역 50나노와트(nW), 위험공역 5마이크로와트(uW), 민감공역 100마이크로와트(uW), 그 외 정상비행공역은 최대허용방출량(MPE) 이하이다.",
67,"수평표면의 반지름 길이가 2,000미터인 비행장 및 착륙대 등급의 조합으로 옳지 않은 것은?",육상비행장 착륙대 등급 E,수상비행장 착륙대 등급 3,수상비행장 착륙대 등급 2,육상비행장 착륙대 등급 F,4,"시행규칙 별표 2 제2호나목 표 2에 따르면 수평표면 반지름 길이는 육상비행장 착륙대 등급 E는 2천m, F는 1천8백m이다.",
68,공항시설 또는 비행장시설의 관리대장에 기록해야 할 사항 및 평면도 작성 기준으로 틀린 것은?,평면도는 축척 5천분의 1의 도면에 부근의 지형 방위 및 해발고도 등을 표시하여 작성해야 한다.,"평면도에는 행정구역의 명칭 및 그 경계선, 시설의 위치 및 배치 현황을 포함해야 한다.","평면도에는 접근교통시설(도로, 철도 등)과 주변 장애물 분포 현황도 명시해야 한다.",관리대장은 국토교통부장관이 상시적으로 볼 수 있는 지방항공청에 비치하여야 한다.,4,시행규칙 제18조제4항에 따르면 관리대장은 공항 또는 비행장을 관리·운영하는 자가 상시적으로 볼 수 있는 장소에 비치하여야 한다.,
69,범칙금 통고처분에 따른 납부 및 이의제기와 관련하여 즉결심판이 청구되는 대상이 아닌 것은?,성명 또는 주소가 확실하지 아니하여 통고처분을 받지 못한 사람,범칙금납부통고서 받기를 거부한 사람,납부기간 내에 범칙금을 납부하지 않은 사람,즉결심판이 청구되기 전까지 통고받은 범칙금에 그 금액의 100분의 50을 더한 금액을 낸 사람,4,법 제74조제1항 단서에 따르면 즉결심판이 청구되기 전까지 통고받은 범칙금에 그 금액의 100분의 50을 더한 금액을 낸 사람에 대해서는 즉결심판을 청구하지 아니한다.,
70,항공학적 검토위원회 위원의 제척 사유에 해당하지 않는 것은?,위원이 해당 안건의 당사자와 친족이거나 친족이었던 경우,"위원이 해당 안건에 대하여 증언, 진술, 자문, 연구, 용역 또는 감정을 한 경우",위원이나 위원이 속한 법인이 해당 안건의 당사자의 대리인이거나 대리인이었던 경우,위원이 해당 안건 당사자와 과거에 업무상 경쟁 관계에 있었던 법인에 속한 경우,4,"시행령 제39조제1항에 따른 항공학적 검토위원회의 제척사유에는 친족, 증언/감정 이력, 대리인 이력 등이 명시되어 있으나, '업무상 경쟁 관계'는 명문 규정에 존재하지 않는다.",
71,"육상비행장의 분류번호별 활주로 설치기준에 대한 설명 중, 활주로 최대 끝선경사도(활주로 세로 방향의 중심선을 따라 최고표고와 최저표고의 차를 활주로의 길이로 나누어 산출한 경사도)의 제한으로 올바른 것은?",분류번호 1의 최대 끝선경사도는 1%이다.,분류번호 2의 최대 끝선경사도는 1.5%이다.,분류번호 3의 최대 끝선경사도는 1%이다.,분류번호 4의 최대 끝선경사도는 1.5%이다.,3,"시행규칙 별표 1 제1호나목 표에 따르면 활주로 최대 끝선경사도는 분류번호 1과 2의 경우 2%, 분류번호 3과 4의 경우 1%이다.",
72,과태료 부과기준에 있어 부과권자가 과태료를 2분의 1 범위에서 늘릴 수 있는 사유에 해당하는 것은?,위반행위자가 법 위반상태를 시정하거나 해소하기 위하여 노력한 것으로 인정되는 경우,위반행위가 사소한 부주의나 오류로 인한 것으로 인정되는 경우,법 위반상태의 기간이 6개월 이상인 경우,위반행위의 정도 등을 고려하여 과태료 금액을 줄일 필요가 있다고 인정되는 경우,3,"시행규칙 별표 3 제1호라목에 따르면 법 위반상태의 기간이 6개월 이상인 경우, 위반의 내용 정도가 중대하여 피해가 큰 경우 등은 과태료를 2분의 1 범위에서 가중할 수 있는 사유에 해당한다.",
73,공항지상감시레이더(ASDE)의 기술기준으로 적절하지 않은 것은?,"반송파의 주파수대는 Ku 및 Ka 밴드여야 하나, 공항 여건에 따라 X 밴드의 사용도 가능하다.",안테나의 회전속도는 60rpm±10%여야 한다.,고도 감시성능은 비행장 지표면에서 100미터까지를 탐지할 수 있어야 한다.,"방위각 360도를 감시하고 범위는 150미터부터 6,000미터까지 탐지할 수 있어야 한다.",3,시행규칙 별표 15 제2호마목2)라)(2)에 따르면 공항지상감시레이더(ASDE)의 고도 감시성능은 비행장 지표면에서 60미터까지이다.,
74,항행안전시설 비행검사 수수료에 관한 설명으로 틀린 것은?,비행검사 수수료 금액은 비행시간당 267만원이다.,비행시간은 항공기가 자력으로 움직이기 시작한 시간부터 비행완료 후 엔진을 정지한 시간까지이다.,국가기관 또는 지방자치단체의 요청에 따라 시행하는 비행검사는 수수료를 100분의 50 감경한다.,국토교통부장관이 지원하는 예산으로 수행하는 항공통신·전자 관련 시설 연구개발 비행검사는 면제된다.,3,시행규칙 별표 21 제3호가목에 따르면 국가기관 또는 지방자치단체의 요청에 따라 시행하는 비행검사는 수수료가 전액 '면제'된다.,
75,"고광도 표시등의 광배분표 중, 기준값이 '200,000cd'인 고광도 표시등의 0° 수직앙각에서의 최대광도 허용기준은?",25 × 10^4 cd,12.5 × 10^4 cd,2.5 × 10^4 cd,20 × 10^4 cd,1,"시행규칙 별표 10 제1호다목 표 2에 따르면 기준값이 200,000cd인 고광도 표시등의 경우 0° 수직앙각에서 최소광도는 20×10^4 cd, 최대광도는 25×10^4 cd이다.",
76,항공등화의 종류와 그 설명이 잘못 연결된 것은?,일시정지위치등: 지상 주행 중인 항공기에 일시 정지해야 하는 위치를 알려주기 위해 설치하는 등화,진입금지선등: 교통수단이 부주의로 탈출전용 유도로에 진입하는 것을 예방하기 위해 설치하는 등화,활주로경계등: 이륙하려는 항공기에 활주로 끝단이 임박했음을 알려주기 위해 설치하는 등화,시각주기유도시스템: 항공기에 정확한 주기 위치를 안내하기 위해 주기장에 설치하는 등화,3,시행규칙 별표 3 제19호에 따르면 활주로경계등(Runway Guard Lights)은 활주로에 진입하기 전에 멈추어야 할 위치를 알려주기 위해 설치하는 등화이다.,
77,공항시설관리권의 권리 변동 및 특례에 대한 설명으로 틀린 것은?,공항시설관리권을 목적으로 하는 저당권의 설정·변경은 등록부에 등록함으로써 효력이 발생한다.,저당권이 설정된 공항시설관리권은 저당권자의 동의가 없으면 처분할 수 없다.,공항시설관리권은 물권으로 보며 특별한 규정이 없으면 민법 중 동산에 관한 규정을 준용한다.,활주로 등 중요 공항시설에 설정된 공항시설관리권에 대해서는 저당권을 설정할 수 없다.,3,"법 제26조제3항에 따르면 공항시설관리권은 물권으로 보며, 민법 중 '부동산'에 관한 규정을 준용한다.",
78,항공정보처리시스템(AMHS)의 기능 및 기술기준에 대한 설명으로 올바른 것은?,통신 프로토콜은 ISO의 개방형 상호접속방식(OSI)을 전면적으로 준수해야 한다.,MS(Message Store)는 메시지 생성과 전송(Submit)을 직접 담당한다.,AU(Access Unit)는 MTA와 외부장치의 접속기능을 제공한다.,UA(User Agent)는 메시지 전달과 배달을 담당한다.,3,"시행규칙 별표 16 제2호차목에 따르면 AMHS의 통신 프로토콜은 ITU-T X.400을 준수해야 한다. UA가 메시지 생성과 전송을 담당하고, MS는 매개 역할, MTA가 전달과 배달을 담당한다. AU는 외부장치 접속기능을 제공한다.",
79,이착륙장의 설치허가 및 준공확인에 관한 설명으로 옳지 않은 것은?,국토교통부장관 외의 자가 이착륙장을 설치하려는 경우 사전에 국토교통부장관의 허가를 받아야 한다.,"이착륙장 설치허가 시 설계도서를 제출해야 하나, 허가 후 공사 착수 전 별도로 허가받는 조건으로 제출을 유예할 수 있다.","준공확인증명서를 받기 전이라도, 관계 지자체장에게 사전 통보하면 해당 이착륙장을 사용할 수 있다.",거짓이나 부정한 방법으로 이착륙장 설치허가를 받은 경우 그 허가 또는 승인을 취소하여야 한다.,3,"법 제25조제5항에 따르면 준공확인증명서를 받기 전에는 원칙적으로 이착륙장을 사용할 수 없으며, 예외적으로 국토교통부장관으로부터 사용허가를 받은 경우에만 사용할 수 있다.",
80,지상안전관리기준을 위반한 항공관련업무종사자에 대한 행정처분 기준 중 1차 처분이 '운전업무 정지 1일'이 아닌 것은?,공항운영자가 지정한 구역 외의 장소에 차량 및 장비를 주차하거나 정차한 경우,공항운영자가 정하는 바에 따라 차량 및 장비를 견인하지 않은 경우,차량 및 장비를 승차정원 및 화물적재량을 초과하여 사용한 경우,공항운영자가 정한 차량의 통행방법 등을 준수하지 않은 경우,3,시행규칙 별표 4의2에 따르면 차량 및 장비를 승차정원 및 화물적재량을 초과하여 사용한 경우의 1차 처분은 운전업무 정지가 아닌 포괄적인 '업무정지 1일'이다. 나머지 3개 항목은 '운전업무 정지 1일' 처분을 받는다.,
81,항행안전무선시설 중 계기착륙시설(ILS)의 '활공각제공시설(GP)'에 대한 기술기준으로 틀린 것은?,단일 무선주파수 반송파가 사용될 경우의 주파수 허용편차는 ±0.005퍼센트 이내여야 한다.,두 개의 무선주파수 반송파가 사용되는 경우 주파수 허용편차는 ±0.002퍼센트 이내여야 한다.,반송파의 주파수대역은 328.6MHz에서 335.4MHz까지여야 한다.,두 개의 무선주파수 반송파가 사용되는 경우 모든 허용편차를 적용할 때 반송파 간의 주파수 간격은 5kHz 이상 14kHz 이내여야 한다.,4,활공각제공시설(GP)의 경우 반송파 간의 주파수 간격은 '4kHz 이상 32kHz 이내'여야 한다. 5kHz~14kHz는 방위각제공시설(LLZ)의 기준이다. [출처: 공항시설법 시행규칙 별표 15],
82,항공이동위성통신시설[AMS(R)S]의 기술기준에 대한 설명으로 가장 옳지 않은 것은?,공항지역과 항공로에서 각종 항공정보를 패킷 데이터서비스 또는 음성서비스나 두 개의 서비스로 지원한다.,모든 데이터 패킷 및 음성호출은 관련 우선순위에 따라 확인되어야 한다.,"할당된 주파수 대역 내에서 운용하여야 하며, ITU 전파규칙에 따라 보호되어야 한다.","항공기탑재장비(AES) 등은 비행 방향으로 2,800km/h 이상의 대지속도로 이동할 경우에도 서비스링크 신호를 획득 및 추적할 수 있도록 시스템을 의무적으로 설계·운영해야 한다.",4,"기술기준에 따르면 1,500km/h(800knots) 이상의 대지속도로 이동할 경우 신호를 적절히 획득·추적할 수 있어야 하며, 2,800km/h(1,500knots) 이상에서 획득·추적할 수 있도록 하는 것은 '권고' 사항이지 필수 의무사항은 아니다. [출처: 공항시설법 시행규칙 별표 16]",
83,"공항구역에서 차량 또는 장비의 사용 및 취급에 관한 규정 중 예외 없이 반드시 지켜야 할 사항으로 명시된 것이 아닌 것은? (단, 긴급한 경우는 제외한다.)",격납고 내에서는 배기에 대한 방화 장치가 있는 트랙터를 제외하고는 차량 등을 운전하지 아니할 것.,보호구역에서는 공항운영자가 승인한 자 이외의 자는 차량 등을 운전하지 아니할 것.,차량 등의 수선 및 청소는 공항운영자가 정하는 장소 이외의 장소에서 행하지 아니할 것.,계류장에서만 전용으로 사용되는 지상조업 장비와 차량은 공항운영자에게 제원을 등록하고 안전도 검사를 반드시 받을 것.,4,계류장에서만 사용되는 장비와 차량은 안전도 등 검사 및 등록 의무 대상에서 '제외'된다. [출처: 공항시설법 시행규칙 별표 4],
84,초경량비행장치 퇴치등으로 인한 재산상의 손실 및 물건의 멸실·훼손 보상에 대한 기준으로 옳지 않은 것은?,손실을 입은 물건을 수리할 수 있는 경우에는 수리비에 상당하는 금액으로 보상한다.,손실을 입은 물건을 수리할 수 없는 경우에는 손실을 입은 당시의 해당 물건의 교환가액으로 보상한다.,물건의 멸실·훼손으로 인한 손실 외의 재산상 손실은 퇴치등과의 상당한 인과관계 여부를 불문하고 발생한 전액을 보상한다.,"영업자가 손실을 입은 물건의 수리나 교환으로 인하여 영업을 계속할 수 없는 경우, 영업을 계속할 수 없는 기간 중 영업상 이익에 상당하는 금액을 보상한다.",3,물건의 멸실·훼손으로 인한 손실 외의 재산상 손실에 대해서는 퇴치등과 '상당한 인과관계가 있는 범위에서' 보상한다. 무조건 전액을 보상하는 것이 아니다. [출처: 공항시설법 시행령 별표 1],
85,사업시행자 또는 항행안전시설설치자가 승인 또는 변경승인을 받지 않은 실시계획에 따라 시행한 공사금액이 600억원인 경우 부과되는 과징금의 금액으로 옳은 것은?,60억원,10억원,6억원,5억원,4,"공사금액의 100분의 1에 해당하는 금액이 과징금으로 부과되나, 그 금액이 5억원을 초과하는 경우에는 5억원으로 제한한다. 600억원의 1/100은 6억원이므로 상한선인 5억원이 부과된다. [출처: 공항시설법 시행령 별표 2]",
86,마이크로파착륙시설(MLS)의 구성장비 및 기술기준에 대한 설명으로 틀린 것은?,"구성장비에는 방위각 장비, 활공각 장비, 데이터 전송장치, 거리측정 장비(DME/P)가 포함된다.","각도 및 데이터 기능은 5,031.0MHz에서 5,090.7MHz까지의 주파수대역에 할당된 200개의 채널 중 하나로 작동되어야 한다.",지상장비의 운용 무선주파수는 할당된 주파수로부터 ±50kHz 이상 변해서는 안 된다.,주파수 안정도는 1초 간격으로 측정하였을 경우 공칭주파수로부터 ±50Hz 이내여야 한다.,3,MLS 지상장비의 운용 무선주파수는 할당된 주파수로부터 '±10kHz' 이상 변해서는 안 된다. ±50kHz가 아니다. [출처: 공항시설법 시행규칙 별표 15],
87,정밀접근(CAT-I)을 위한 육상비행장의 착륙대 등급 A의 '착륙복행표면' 규격 기준으로 옳은 것은?,내측저변의 길이는 90m이다.,확산율(양측)은 15%이다.,경사도는 4%이다.,확산율(양측)은 10%이다.,4,"정밀접근(CAT-I) A등급의 경우 착륙복행표면의 확산율(양측)은 10%, 경사도는 3.33%, 내측저변의 길이는 120m이다. [출처: 공항시설법 시행규칙 별표 2]",
88,항공학적 검토 시 고려해야 할 사항으로 명시되지 않은 것은?,시각(Visual Approach)의 영향,기존 또는 계획된 활주로의 사용 가능거리에 대한 영향,공항 주변의 비행금지 및 제한구역 등의 영향,공항 주변 교통 인프라 확충에 따른 여객 터미널 여객 수요 변화 영향,4,"항공학적 검토에는 공항 수용 용량 영향, 활주로 사용 가능거리 영향, 시각의 영향 등 비행 안전 관련 요소를 고려한다. 여객 터미널 여객 수요 변화 등은 직접적인 항공학적 검토 기준에 포함되지 않는다. [출처: 공항시설법 시행규칙 별표 8]",
89,자동종속감시시설(ADS)의 기술기준에 대한 설명으로 틀린 것은?,ADS의 가용성은 99.996퍼센트 이상이어야 한다.,ADS의 무결성은 10^-7 이상이어야 한다.,"ADS-B의 통신방식은 1,090MHz ES, 초단파디지털이동통신시설(VDL) 또는 범용접속데이터통신시설(UAT)을 사용할 수 있어야 한다.","ADS는 요구접속·사건접속·주기접속의 형태로 운용되며, 혼선 방지를 위해 비상모드로는 운용할 수 없다.",4,"ADS는 요구접속, 사건접속, 주기접속 또는 '비상모드' 등의 형태로 운용되어야 한다. [출처: 공항시설법 시행규칙 별표 15]",
90,초경량비행장치 퇴치등에 의한 손실보상 후 구상권 행사에 대한 설명으로 틀린 것은?,손실보상기관은 손실보상금 지급을 완료한 경우 피구상권자에게 구상권을 행사할 수 있다.,"손실보상금을 예산 부족 등의 사유로 분할하여 지급하는 경우, 모든 분할금의 지급이 100% 완료된 이후에만 전체 금액에 대해 구상권을 행사할 수 있다.",구상권을 행사하려면 구상금액 산출근거 등을 명확히 밝혀 구상금을 낼 것을 서면으로 통지해야 한다.,"국가, 지방자치단체, 공항운영자 또는 비행장시설을 관리·운영하는 자가 구상권을 행사할 수 있다.",2,손실보상금을 분할하여 지급하는 경우에는 각각의 손실보상금의 지급을 완료하고 '해당 부분에 대하여' 우선적으로 구상권을 행사할 수 있다. [출처: 공항시설법 시행령 제50조의4],
91,저광도 표시등 C형태의 성능 및 광배분 기준으로 틀린 것은?,신호형태는 분당 60~90회의 섬광이어야 한다.,색채는 노란색 또는 파란색을 사용한다.,수평 빔 확산 각도는 12도로 일정하게 유지하여야 한다.,"최소광도는 40cd이며, 최대광도는 400cd이다.",3,"저광도 표시등의 수평 빔 확산 각도는 별도로 규정하지 않으며, 12도는 수직 빔 확산 각도의 최소 기준이다. [출처: 공항시설법 시행규칙 별표 10]",
92,거리측정시설(DME)과 전방향표지시설(VOR)을 편축병설할 때 안테나 분리간격에 대한 기준으로 옳은 것은?,공항지역에서 공항접근용으로 사용할 때 두 안테나의 분리간격은 60미터를 초과해서는 안 된다.,"도플러방식(DVOR)의 경우, 두 안테나의 분리간격은 30미터 이상 분리할 수 있으나 80미터를 초과해서는 안 된다.","항로용 등 공항접근용 외의 목적으로 사용하려는 경우, 두 안테나의 분리간격은 1,000미터까지 허용된다.",동축병설을 제외한 모든 편축병설의 경우 두 안테나의 분리간격은 일률적으로 30미터 이내로 제한된다.,2,"일반적으로 편축병설 시 분리간격은 30m 이내여야 하나, 도플러방식 전방향표지시설(DVOR)의 경우에는 30m 이상 80m 이하로 분리할 수 있다. 항로용은 600m를 초과해서는 안 된다. [출처: 공항시설법 시행규칙 별표 15]",
93,항행안전시설공사 완성검사를 받으려는 자가 완성검사 신청 시 의무적으로 첨부해야 하는 서류에 해당하지 않는 것은?,완성검사조서,준공사진,설치허가 신청 시와 완벽히 동일하게 시공되었음을 증명하는 준공설계도서,담당 공무원이 행정정보 공동이용을 통해 확인 가능한 법인등기사항증명서,3,"준공설계도서는 '설치허가 신청 시의 설계도서에 변경이 있는 경우만' 첨부하며, 동일하게 시공된 경우에는 제출하지 않아도 된다. (법인등기사항증명서는 담당공무원이 확인하므로 신청인이 직접 첨부하는 서류 목록에서 제외됨) [출처: 공항시설법 시행규칙 제38조]",
94,"공항·비행장개발예정지역 지정에 따른 토지매수청구권 행사와 관련하여, 매수대상토지의 판정기준에 대한 설명으로 옳은 것은?",토지의 사용 및 수익이 불가능하게 된 사유에 매수청구인의 귀책사유가 경미하게 포함된 경우에도 매수 청구가 가능하다.,"지정 이전에 적법하게 실제 용도와 지목이 다르게 사용되었음이 증명된 경우라도, 공부상 지목만을 기준으로 동일 지목 공시지가를 비교한다.",해당 토지의 개별공시지가가 동일한 지목의 개별공시지가 평균치의 100분의 50 미만으로 떨어져야 매수대상이 될 수 있다.,동일 지목의 개별공시지가 평균치 산정 시 해당 지역의 객관성 확보를 위해 매수대상토지의 개별공시지가를 반드시 포함하여 계산한다.,3,"동일 지목 개별공시지가 평균치의 50% 미만이어야 매수대상이 된다. 매수청구인의 귀책사유가 전혀 없어야 하며, 실제 용도를 지목으로 보고 평가한다. 또한 평균치 산정 시 매수대상토지의 가격은 제외한다. [출처: 공항시설법 시행령 제22조]",
95,"공항시설법령상 범칙금액이 1차 위반 시 5만원, 2차 위반 시 10만원으로 규정된 행위가 아닌 것은?",기부를 요청하거나 물품을 배부 또는 권유하는 행위,지정된 흡연구역 외의 장소에서 담배를 피우는 행위,상품 및 서비스의 구매를 강요하거나 영업을 목적으로 손님을 부르는 행위,공항운영자가 지정한 장소 외의 장소에 쓰레기 등의 물건을 버리는 행위,3,"상품 구매 강요 또는 호객행위, 영업행위, 시설 무단 점유는 1차 위반 시 8만원, 2차 위반 시 16만원의 범칙금이 부과된다. 나머지 항목은 1차 5만원, 2차 10만원이다. [출처: 공항시설법 시행규칙 별표 4]",
96,"공항운영증명을 받은 자가 시정조치명령을 이행하지 않았을 때, 행정처분 기준이 '공항운영정지 15일'이 아닌 것은?",이동지역의 유지·보수에 관한 시정조치사항을 이행하지 않은 경우,이동지역 작업 통제 또는 차량·장비 통제에 관한 시정조치사항을 이행하지 않은 경우,시각지원시설의 관리·운영에 관한 시정조치사항을 이행하지 않은 경우,공항 주변의 도로 정체 유발 방지에 관한 시정조치사항을 이행하지 않은 경우,4,"이동지역 보수, 시각지원시설, 장애물 통제, 위험물 취급, 항공기 구조 및 소방 등에 관한 시정조치사항 미이행 시 운영정지 15일에 처하며, 그 밖의 시정조치사항 미이행은 운영정지 7일이다. [출처: 공항시설법 시행규칙 별표 13]",
97,수상비행장 착륙대 등급 2의 시설기준으로 틀린 것은?,착륙대의 폭은 60m 이상이어야 한다.,선회수역의 직경은 120m 이상이어야 한다.,유도수로의 폭은 45m 이상이어야 한다.,유도수로의 수심은 간조 시에도 1.2m 이상이어야 한다.,3,"수상비행장 유도수로의 폭은 착륙대 등급 1, 2, 3의 경우 40m 이상이어야 하며, 4등급인 경우에만 45m 이상이어야 한다. [출처: 공항시설법 시행규칙 별표 1]",
98,지상에 설치되는 이차감시레이더(SSR)의 기술기준에 관한 설명으로 틀린 것은?,"지상장비에서 항공기에 질문하는 주파수는 1,030MHz±0.2MHz이다.",최대 질문 반복 주파수는 초당 900개의 질문이어야 한다.,질문의 모드를 결정하는 P1과 P3 펄스 간 간격에 있어서 고도지시용(모드 C)은 21μs±0.2μs이다.,수신기는 부엽억제기능(SLS)과 수신감도조정기능(STC)을 갖추어야 한다.,2,이차감시레이더(SSR)의 최대 질문 반복 주파수는 초당 450개의 질문이어야 한다. 900개가 아니다. [출처: 공항시설법 시행규칙 별표 15],
99,항공정보통신시설 중 음성통신제어시설(VCCS)의 기능 및 기술기준으로 옳지 않은 것은?,관제탑 등에서 사용하는 공중 대 지상 무선통신과 직통전화 통신을 서로 다른 모듈로 자동으로 배분할 수 있어야 한다.,공중 대 지상 통신을 위한 송신 또는 수신 무선주파수의 선택과 해제는 운영석에 할당된 패널의 버튼에 의해 이루어져야 한다.,"항공직통전화시설은 국내 기관 간에만 통신을 제공하며, 해외 관련 기관과의 연결은 지원하지 않는다.",직통전화 또는 무선통신 입·출력은 적절히 증폭 또는 감쇄되어 자동기록장치에 연결되어야 한다.,3,항공직통전화시설은 '국내외' 관련 항공교통관제기관 및 항공정보제공기관 간의 항공교통업무에 필요한 각종 정보를 음성통신으로 제공할 수 있어야 한다. 해외 기관과의 통신도 지원해야 한다. [출처: 공항시설법 시행규칙 별표 16],
100,초경량비행장치 퇴치등에 의한 손실보상 후 구상권 행사와 관련된 설명으로 가장 적절한 것은?,손실보상기관이 손실보상금의 50% 이상을 지급한 시점부터 구상권을 행사할 수 있다.,구상권을 행사하려는 경우 구상금액 산출근거 등은 생략하고 즉시 구상금을 낼 것을 구두로 통지할 수 있다.,"손실보상금을 분할하여 지급하는 경우, 각각의 손실보상금 지급을 완료할 때마다 해당 부분에 대하여 구상권을 행사할 수 있다.",구상권의 대상이 되는 피구상권자는 퇴치등을 실행한 소속 공무원 또는 임직원이다.,3,"구상권은 초경량비행장치를 사용하여 비행한 자(위반자)에게 행사하며, 분할 지급 시 각각의 손실보상금 지급을 완료하고 해당 부분에 대하여 구상권을 행사할 수 있다. 구두가 아닌 서면으로 통지해야 한다. [출처: 공항시설법 시행령 제50조의4]",
