번호,문제,보기박스,보기1,보기2,보기3,보기4,정답,해설
1,공항시설법상 공항개발 종합계획의 수립 및 변경과 관련된 숫자의 합은?,"가. 공항개발 종합계획은 ( A )년마다 수립하여야 한다.
나. 권역별 공항 또는 국가의 재정지원 규모가 ( B )억 원 이상인 경우 종합계획에 포함된다.
다. 공항·비행장개발예정지역의 면적이 당초 계획보다 ( C )만 제곱미터 이상 늘어나는 경우 종합계획을 변경하여야 한다.",300,315,325,335,3,"가. 5년마다 수립 (A=5)
나. 국가 재정지원 300억원 이상 (B=300)
다. 20만제곱미터 이상 증가 시 변경 (C=20)
총합: 5+300+20=325 [출처: 공항시설법 제3조, 시행령 제7조]"
2,공항시설법령상 위원회의 위원 수에 대한 규정 중 빈칸 숫자의 합은?,"가. 공항개발기술심의위원회는 위원장을 포함한 ( A )명 이내의 위원으로 구성한다.
나. 기술심의위원회 분야별 소위원회는 위원장 1명을 포함하여 10명 이상 ( B )명 이내의 위원으로 구성한다.
다. 조류충돌예방위원회는 위원장 1명을 포함한 ( C )명 이내의 위원으로 구성한다.",140,150,160,170,3,"가. 기술심의위원회 100명 이내 (A=100)
나. 분야별 소위원회 30명 이내 (B=30)
다. 조류충돌예방위원회 30명 이내 (C=30)
총합: 100+30+30=160 [출처: 공항시설법 제5조, 시행령 제16조, 시행령 제31조의8]"
3,"공항시설법령상 행위제한 및 매수청구와 관련된 기간(월, 년) 숫자의 합은?","가. 공항·비행장개발예정지역으로 지정·고시된 구역에서 물건을 ( A )개월 이상 쌓아놓는 행위는 허가를 받아야 한다.
나. 사업시행자는 토지 매수청구를 받은 날부터 ( B )개월 이내에 매수대상 여부를 알려야 한다.
다. 매수대상토지로 통보를 한 경우 ( C )년 범위에서 대통령령으로 정하는 기간 이내에 매수계획을 수립하여야 한다.",11,12,13,14,2,"가. 1개월 이상 물건 적치 시 허가 (A=1)
나. 매수대상 여부 6개월 이내 통지 (B=6)
다. 5년 이내 매수계획 수립 (C=5)
총합: 1+6+5=12 [출처: 공항시설법 시행령 제20조, 법 제15조]"
4,공항시설법 시행규칙상 장애물 제한표면 기준 수치의 합은?,"가. 비정밀접근 육상비행장(착륙대 등급 A~D) 진입표면 경사도 분모 숫자 ( A )
나. 헬기장의 기본 전이표면 경사도 분모 숫자 ( B )
다. 수평표면의 원호 중심은 활주로 중심선 끝에서 ( C )미터 연장한 지점이다. (육상비행장 기준)",92,102,112,122,2,"가. 비정밀 A~D 진입표면 경사도 1/40 (A=40)
나. 헬기장 전이표면 경사도 1/2 (B=2)
다. 활주로 중심선 끝에서 60m 연장 지점 (C=60)
총합: 40+2+60=102 [출처: 공항시설법 시행규칙 별표 2]"
5,공항시설법 시행규칙상 항공장애 표시등 설치 기준(형태 문자 환산) 숫자의 합은?,"가. 비상용 또는 보안용 차량에 설치하는 저광도 ( A )형태의 파란색 섬광 표시등을 설치해야 한다. (A는 영문자 형식을 A=1, B=2, C=3, D=4 로 환산)
나. 지상유도(Follow-me) 차량에 설치하는 저광도 ( B )형태의 노란색 섬광 표시등을 설치해야 한다. (B도 같은 방식 환산)
다. 지표로부터 높이가 45m 미만인 물체는 원칙적으로 저광도 ( C )형태 표시등을 설치한다. (C도 같은 방식 환산)",7,8,9,10,3,"가. 비상/보안차량: 저광도 C형태 (A=3)
나. 지상유도차량: 저광도 D형태 (B=4)
다. 45m 미만: 저광도 B형태 (C=2)
총합: 3+4+2=9 [출처: 공항시설법 시행규칙 별표 10]"
6,공항시설법령상 조류충돌 예방에 관련된 기한 및 거리 규정의 숫자를 모두 더한 값은?,"가. 공항운영자가 공항별 조류충돌 위험관리계획을 수립하여 보고하는 시한은 매년 ( A )월 ( B )일까지이다.
나. 공항 표점에서 ( C )킬로미터 이내 지역에는 양돈장 및 과수원 등 새를 유인할 환경을 조성해서는 안 된다.",44,46,48,50,2,"가. 매년 12월 31일까지 (A=12, B=31)
나. 공항표점 3km 이내 양돈장 등 불가 (C=3)
총합: 12+31+3=46 [출처: 공항시설법 시행규칙 제19조의8, 제47조제6항]"
7,공항시설법 시행규칙의 설계 및 표지 기준과 관련하여 빈칸 수치의 합은?,"가. 활주로 길이가 800미터 이상 1,200미터 미만인 수상비행장의 착륙대 등급 숫자는 ( A )이다.
나. 분류문자 B인 활주로의 직선유도로의 폭은 ( B )미터이다. (숫자만 사용, 소수점 주의, 문제에서는 B에 10을 곱하여 사용) -> 10.5 * 10 = 105
다. 주간표지 중 연속되는 표면 한 변 길이가 1.5m 초과하고 다른 한 변 4.5m 미만일 때 줄무늬를 칠한다. 이때 최대크기가 210m 초과 270m 이하인 경우 줄무늬 폭은 최대크기의 ( C )분의 1이다.",114,116,118,120,2,"가. 수상비행장 800~1200m 미만은 2등급 (A=2)
나. 분류문자 B의 유도로 폭 10.5m. 10.5*10=105 (B=105)
다. 210~270m 이하 줄무늬 폭 1/9 (C=9)
총합: 2+105+9=116 [출처: 공항시설법 시행규칙 별표 1, 별표 9]"
8,공항시설법 시행규칙상 지상안전관리기준 위반(항공관련업무종사자)에 대한 1차 행정처분 일수의 합은?,"가. 항공관련업무종사자가 제한속도를 시속 10킬로미터 이상으로 초과하여 차량을 운행한 경우 1차 위반 시 운전업무정지 ( A )일의 처분을 받는다.
나. 항공관련업무종사자가 지상안전사고가 발생한 경우에도 즉시 신고하지 않은 경우 1차 위반 시 업무정지 ( B )일의 처분을 받는다.
다. 보호구역에 설치된 교통안전 관련 시설 훼손 시 1차 위반 업무정지 ( C )일이다.",6,7,8,9,3,"가. 10km 이상 초과 1차 운전정지 2일 (A=2)
나. 사고 즉시 미신고 1차 업무정지 5일 (B=5)
다. 교통안전시설 훼손 1차 업무정지 1일 (C=1)
총합: 2+5+1=8 [출처: 공항시설법 시행규칙 별표 4의2]"
9,공항시설법 시행규칙상 수수료 및 무선시설 주파수 기준 관련 숫자의 합은?,"가. 항행안전시설 비행검사 수수료는 비행시간당 ( A )만원이다.
나. 항행안전무선시설 중 무지향표지시설(NDB)의 주파수대역 하한은 ( B )kHz이다.
다. 거리측정시설(DME) 주파수대역 하한은 ( C )MHz이다.",1317,1417,1517,1617,2,"가. 비행검사 수수료 비행시간당 267만원 (A=267)
나. NDB 주파수 190~1750kHz (B=190)
다. DME 주파수 960~1215MHz (C=960)
총합: 267+190+960=1417 [출처: 공항시설법 시행규칙 별표 21, 별표 15]"
10,공항시설법 시행규칙상 공항운영자 행정처분(공항운영정지 일수) 기준 숫자의 합은?,"가. 거짓으로 공항운영증명을 받은 경우 처분은 취소이다. 항공기사고로 200명 이상 사망자가 발생하여 처분을 받을 때 운영정지를 내린다면 그 일수는 ( A )일이다.
나. 항공기사고 사망자가 10명 미만인 경우 처분은 운영정지 ( B )일이다.
다. 항공기사고로 인한 재산 피해가 50억원 이상 100억원 미만인 경우 운영정지 ( C )일이다.",220,230,240,250,2,"가. 사망 200명 이상: 증명취소 또는 운영정지 180일 (A=180)
나. 사망 10명 미만: 운영정지 30일 (B=30)
다. 재산피해 50~100억: 운영정지 20일 (C=20)
총합: 180+30+20=230 [출처: 공항시설법 시행규칙 별표 13]"
11,공항시설법 시행령상 공항운영자에 대한 과징금 금액(만원 단위)의 총합을 구하시오.,"가. 공항운영자의 지상안전관리기준 위반 과징금 중 사업시작 전 SMS 미마련(운항횟수 8만회 이상 공항) 금액은 ( A )만원이다.
나. 고의중과실 사망 200명 이상(운항횟수 8만회 이상 공항) 과징금 금액은 ( B )만원이다.
다. 고의중과실 사망 200명 이상(운항횟수 4만회~8만회 공항) 과징금 금액은 ( C )만원이다.",153000,163000,173000,183000,1,"가. 8만회 이상 SMS 미마련 3,000만원 (A=3000)
나. 8만회 이상 사망 200명 이상 100,000만원(10억원) (B=100000)
다. 4만~8만회 사망 200명 이상 50,000만원(5억원) (C=50000)
총합: 3000+100000+50000=153000 [출처: 공항시설법 시행령 별표 1의2]"
12,공항시설법 시행령상 제재 위반 1차 과태료(만원 단위)의 합은?,"가. 준공확인증명서 수령 전 이착륙장 무단 사용 1차 과태료 ( A )만원
나. 보호구역 흡연/음주 1차 과태료 ( B )만원
다. 공항운영규정 변경 미신고 공항운영자 1차 과태료 ( C )만원",335,345,355,365,1,"가. 이착륙장 무단사용 1차 250만원 (A=250)
나. 보호구역 흡연 1차 25만원 (B=25)
다. 공항운영규정 변경 미신고 1차 60만원 (C=60)
총합: 250+25+60=335 [출처: 공항시설법 시행령 별표 3]"
13,공항시설법령상 조류충돌 인력 및 이행강제금 한도와 관련된 숫자의 합은?,"가. 공항운영자는 조류충돌 예방 전담인력을 ( A )명 이상 확보해야 한다.
나. 이행강제금과 관련, 제36조제8항(표시등 설치명령)을 위반한 경우 이행강제금 상한액은 ( B )천만 원이다. (단위 천만)
다. 제36조제9항(시정명령) 위반 이행강제금 상한액은 ( C )백만 원이다. (단위 백만)",8,9,10,11,3,"가. 전담인력 4명 이상 (A=4)
나. 설치명령 위반 이행강제금 1천만원 이하 (B=1)
다. 시정명령 위반 이행강제금 500만원 이하 (C=5)
총합: 4+1+5=10 [출처: 공항시설법 시행규칙 제19조의6, 법 제70조]"
14,공항시설법 시행규칙상 항행안전시설 전파 규격에 관한 빈칸 수치의 합은?,"가. 항행안전무선시설 중 마커비콘의 외측마커(OM) 전파 도달범위는 600m ± ( A )m 이다.
나. 마커비콘 주파수는 ( B )MHz ± 0.005 퍼센트이다.
다. 트랜스폰더 착륙시설 질문 반송파 송신주파수는 ( C )MHz 이다.",1205,1305,1405,1505,2,"가. OM 도달범위 600m±200m (A=200)
나. 마커비콘 75MHz (B=75)
다. 트랜스폰더 착륙 질문 주파수 1030MHz (C=1030)
총합: 200+75+1030=1305 [출처: 공항시설법 시행규칙 별표 15]"
15,공항시설법 시행규칙상 레이더시설 기술기준과 관련된 숫자의 합은?,"가. 일차감시레이더(ASR) 수신장치 감도는 -( A )dBm 이상이어야 한다.
나. ASR 현시장치는 ( B )초 또는 5초 이내에 새로운 자료를 나타내야 한다.
다. 정밀접근레이더(PAR)는 착륙지점에서 ( C )Km 이상의 범위에 대해 방위각/활공각을 제공해야 한다. (소수점은 무시하고 정수만, 16.7km이므로 16) -> Wait. 규칙에는 ""15Km 이상""이라 명시됨.",127,137,147,157,1,"가. ASR 수신감도 -108dBm 이상 (A=108)
나. 자료 갱신 4초 또는 5초 (B=4)
다. PAR 착륙지점에서 15km 이상 (C=15)
총합: 108+4+15=127 [출처: 공항시설법 시행규칙 별표 15]"
16,공항시설법 시행규칙상 행정처분(정지 일수) 숫자의 합은?,"가. 공항운영정지 처분 시 항공기사고 사망자가 50명 이상 100명 미만인 경우 처분은 ( A )일이다.
나. 재산피해가 10억원 이상 50억원 미만인 경우 처분은 ( B )일이다.
다. 항공관련업무종사자가 휴대전화를 운행 중 사용하여 2차 위반 시 운전업무정지 ( C )일이다.",109,119,129,139,1,"가. 사망 50~100명 운영정지 90일 (A=90)
나. 재산피해 10~50억 운영정지 15일 (B=15)
다. 휴대전화 사용 2차 운전정지 4일 (C=4)
총합: 90+15+4=109 [출처: 공항시설법 시행규칙 별표 13, 별표 4의2]"
17,공항시설법 시행규칙상 항공등화 광도비 및 최소광도 기준과 관련된 수치의 합은?,"가. 항공등화 중 진입등시스템 중심선 표시등의 활주로등 대비 평균광도비 상한은 ( A ).0 이다.
나. 시단연장등의 평균광도비 하한은 ( B ).0 이다.
다. 항공기주기장안내등은 시정이 나쁠 때 주기위치 등을 알려주며, 정지로등의 광도는 최소 ( C )cd 이다.",33,43,53,63,1,"가. 진입등 중심선 광도비 1.5~2.0 (A=2)
나. 시단연장등 1.0~1.5 (B=1)
다. 정지로등 최소광도 30cd (C=30)
총합: 2+1+30=33 [출처: 공항시설법 시행규칙 별표 14]"
18,공항시설법상 범칙행위 및 범칙금 부과와 관련된 기한 및 금액(만원)의 합은?,"가. 범칙금 납부통고서를 받은 사람은 ( A )일 이내에 지정 수납기관에 납부해야 한다.
나. 납부기간이 끝난 다음 날부터 ( B )일 이내에 통고 범칙금에 100분의 20을 더한 금액을 내야 한다.
다. 범칙행위 중 공항 시설 무단 점유 행위의 1차 범칙금액은 ( C )만원이다.",28,38,48,58,2,"가. 통고처분 10일 이내 납부 (A=10)
나. 지연 시 20일 내 20% 가산 납부 (B=20)
다. 무단 점유 1차 8만원 (C=8)
총합: 10+20+8=38 [출처: 공항시설법 제73조, 시행령 별표 4]"
19,"공항시설법령상 연체금 한도, 납부 기한, 사용료 감경 비율 등 빈칸 숫자의 합은?","가. 사용료 연체금 한도는 체납된 사용료의 100분의 ( A )을 초과하지 않는 범위이다. (법 제32조제5항)
나. 과징금을 납부해야 할 기한은 통지받은 날부터 ( B )일 이내이다.
다. 불시착 항공기가 이륙 시, 당초 공항 시설 이용실적이 여객처리능력의 ( C )퍼센트 이하인 공항에 지정되면 항행안전시설 사용료 50%를 감경한다.",90,100,110,120,2,"가. 연체금 한도 체납액의 50% (A=50)
나. 과징금 납부 통지일로부터 20일 이내 (B=20)
다. 여객처리능력 30% 이하 공항 감경 (C=30)
총합: 50+20+30=100 [출처: 공항시설법 제32조, 시행령 제53조, 시행규칙 별표 5]"
20,공항시설법령상 행위제한 기준 등에 대한 숫자의 합을 구하시오.,"가. 공항·비행장개발예정지역으로 지정 고시된 구역에서 관상용 죽목을 임시로 심는 행위는 허가 대상에서 제외되지만, 토지분할 및 ( A )개월 이상 물건을 쌓는 행위는 허가를 받아야 한다.
나. 공항 표점에서 ( B )킬로미터 이내의 지역에는 조류보호구역이나 사냥금지구역을 만들 수 없다.
다. 공항 또는 비행장 개발 시 국가 재정지원 규모가 ( C )억 원 이상이고 총사업비가 1000억 원 이상일 때 종합계획에 비행장개발 사항으로 추가된다.",299,309,319,329,2,"가. 물건 적치 1개월 이상 시 허가 (A=1)
나. 조류보호구역 등 8km 이내 금지 (B=8)
다. 재정지원 300억 이상 (C=300)
총합: 1+8+300=309 [출처: 공항시설법 시행령 제20조, 제7조, 시행규칙 제47조]"
21,"항공안전법상 다음 빈칸 (A), (B), (C)에 들어갈 숫자를 모두 더한 값은?","가. 국가항공안전정책에 관한 기본계획(항공안전정책기본계획)은 ( A )년마다 수립하여야 한다.
나. 경량항공기 조종사 자격을 받기 위해서는 ( B )세 이상이어야 한다.
다. 운송용 조종사 자격을 받기 위해서는 ( C )세 이상이어야 한다.",41,42,43,44,3,"가. 기본계획 5년마다 수립 (A=5)
나. 경량항공기 조종사(자가용 등) 17세 이상 (B=17)
다. 운송용 조종사 21세 이상 (C=21)
총합: 5+17+21=43 [출처: 항공안전법 제6조, 제34조제2항]"
22,항공안전법상 항공기 및 초경량비행장치의 등록/신고 관련 빈칸 숫자의 합은?,"가. 항공기 등록사항이 변경되었을 때 그 변경된 날부터 ( A )일 이내에 변경등록을 신청해야 한다.
나. 등록된 항공기가 멸실되었을 때 그 사유가 있는 날부터 ( B )일 이내에 말소등록을 신청해야 한다.
다. 초경량비행장치를 신고한 자가 그 장치가 멸실되었을 때 사유 발생일부터 ( C )일 이내에 말소신고를 해야 한다.",30,45,60,75,2,"가. 변경등록 15일 이내 (A=15)
나. 멸실 말소등록 15일 이내 (B=15)
다. 초경량비행장치 말소신고 15일 이내 (C=15)
총합: 15+15+15=45 [출처: 항공안전법 제13조, 제15조, 제123조]"
23,"항공안전법상 항공기사고의 기준 및 행정처분에 관한 빈칸 (A), (B), (C)의 합은?","가. 항공기사고에 해당하는 행방불명은 사람이 ( A )년간 생사가 분명하지 않은 경우 적용한다.
나. 항공기사고에 해당하는 중상 중 입원치료는 부상 입은 날부터 ( B )일 이내에 48시간을 초과하는 경우를 말한다.
다. 고의로 항공기준사고를 발생시킨 사람의 자격증명 효력을 정지할 수 있는 기간은 1차 위반 시 ( C )일이다. (별표 10 개별기준 참고)",23,38,53,68,2,"가. 행방불명 기준 1년 (A=1)
나. 중상 입원기준 부상일부터 7일 이내 (B=7)
다. 항공기준사고 발생 1차 효력정지 30일 (C=30)
총합: 1+7+30=38 [출처: 항공안전법 시행규칙 제6조, 제7조, 별표 10]"
24,"항공안전법 시행규칙상 조종사 자격증명 응시 비행경력(A, B, C)을 모두 합한 값은?","가. 운송용 조종사 자격증명을 신청하는 자 중 비행기에 대한 비행경력은 ( A )시간 이상이어야 한다.
나. 사업용 조종사 자격증명을 신청하는 자 중 비행기에 대한 비행경력은 ( B )시간 이상이어야 한다. (국토교통부장관 지정 전문교육기관 이수자 아님)
다. 자가용 조종사 자격증명을 신청하는 자 중 비행기 또는 헬리콥터에 대한 비행경력은 ( C )시간 이상이어야 한다. (전문교육기관 이수자 아님)",1640,1740,1840,1940,2,"가. 운송용 조종사(비행기) 1,500시간 이상 (A=1500)
나. 사업용 조종사(비행기) 200시간 이상 (B=200)
다. 자가용 조종사(비행기) 40시간 이상 (C=40)
총합: 1500+200+40=1740 [출처: 항공안전법 시행규칙 별표 4]"
25,"항공안전법 시행규칙상 항공신체검사증명의 유효기간(개월 단위) 빈칸 (A), (B), (C)의 합은?","가. 항공교통관제사 제3종 항공신체검사증명 유효기간은 40세 미만의 경우 ( A )개월이다.
나. 운송용 조종사 제1종 항공신체검사증명 유효기간은 40세 미만의 경우 ( B )개월이다.
다. 자가용 조종사 제2종 항공신체검사증명 유효기간은 50세 이상의 경우 ( C )개월이다.",60,72,84,96,2,"가. 관제사 3종 40세 미만 48개월 (A=48)
나. 운송용 1종 40세 미만 12개월 (B=12)
다. 자가용 2종 50세 이상 12개월 (C=12)
총합: 48+12+12=72 [출처: 항공안전법 시행규칙 별표 8]"
26,항공안전법 시행규칙상 항공기에 장비하여야 할 구급용구 및 소화기 수량 등과 관련된 숫자의 합은?,"가. 항공운송사업용 항공기의 객실 승객 좌석 수가 61석부터 200석까지인 경우 소화기의 수량은 ( A )개 이상이어야 한다.
나. 비행시간이 2시간 이상이면서 승객 좌석 수가 ( B )석 이상인 항공운송사업용 항공기에는 비상의료용구를 탑재해야 한다.
다. 항공기사용사업용 비행기의 객실 승객 좌석 수가 30석인 경우 소화기의 수량은 ( C )개 이상이어야 한다.",103,104,105,106,3,"가. 61~200석 소화기 3개 (A=3)
나. 2시간 이상 비행, 101석 이상 비상의료용구 탑재 (B=101)
다. 6~30석 소화기 1개 (C=1)
총합: 3+101+1=105 [출처: 항공안전법 시행규칙 별표 15]"
27,항공안전법 시행규칙상 운항승무원의 승무시간등 기준에 대한 다음 숫자의 합은?,"가. 운항승무원의 기장 1명, 기장 외 조종사 1명의 편성 시 연속 24시간 동안 최대 비행근무시간은 ( A )시간이다.
나. 운항승무원의 기장 1명, 기장 외 조종사 1명의 편성 시 연속 28일 동안 최대 승무시간은 ( B )시간이다.
다. 운항승무원의 연속 365일 동안 최대 승무시간은 기장 2명 편성의 경우 ( C )시간이다.",1113,1213,1313,1413,1,"가. 기장 1명, 기장외 1명 24시간 내 최대비행근무 13시간 (A=13)
나. 28일 최대승무시간 100시간 (B=100)
다. 365일 최대승무시간 1000시간 (C=1000)
총합: 13+100+1000=1113 [출처: 항공안전법 시행규칙 별표 18]"
28,항공안전법 시행규칙상 객실승무원 수 및 비행근무시간 기준에 관한 빈칸 숫자의 합은?,"가. 여객운송에 사용되는 항공기 객실승무원은 51석 이상 100석 이하인 경우 ( A )명이 탑승해야 한다.
나. 여객운송 항공기 객실승무원은 201석 이상인 경우 5명에 좌석 수 ( B )석을 추가할 때마다 1명씩 추가된다.
다. 최소 객실승무원 수에 1명 추가 시 최대 비행근무시간은 ( C )시간이다.",64,68,72,76,2,"가. 51~100석 객실승무원 2명 (A=2)
나. 201석 이상 5명 기본 + 50석당 1명 추가 (B=50)
다. 최소승무원+1명 시 비행근무시간 16시간 (C=16)
총합: 2+50+16=68 [출처: 항공안전법 시행규칙 제218조, 별표 19]"
29,항공안전법 시행규칙상 승인/신청 기한에 관한 다음 숫자의 합은?,"가. 항공운송사업자의 운항증명을 받으려면 운항 개시 예정일 ( A )일 전까지 신청서를 제출해야 한다.
나. 외국인 국제항공운송사업 허가를 받으려는 자는 운항 개시 예정일 ( B )일 전까지 승인신청서를 제출해야 한다.
다. 항공기 등 수리 개조승인을 받으려는 자는 작업을 시작하기 ( C )일 전까지 신청서를 제출해야 한다.",140,150,160,170,3,"가. 운항증명 90일 전 (A=90)
나. 외국인 국제항공운송 운항증명승인 60일 전 (B=60)
다. 수리 개조승인 10일 전 (C=10)
총합: 90+60+10=160 [출처: 항공안전법 시행규칙 제257조, 제279조, 제66조]"
30,항공안전법 시행규칙상 시계비행 시정 기준 및 모의비행훈련장치 유효기간과 관련된 숫자의 합은?,"가. 비행장관제업무를 수행하기 위해 설치된 항공교통관제시설 중 하나인 관제탑의 수는 여러 개이다. 하지만 공역 구분 중 B등급 공역의 최고 고도를 제외하고, C등급 공역의 시계비행 간 거리 유지 중 시정은 ( A )천 미터 이상이다.
나. 해발 3,050미터(10,000피트) 이상의 C등급 공역 시계비행 비행시정은 ( B )천 미터 이상이다.
다. 모의비행훈련장치의 지정 유효기간은 원칙적으로 ( C )년이다.",12,14,16,18,2,"가. 1만피트 미만 C등급 시정 5천 미터 (A=5)
나. 1만피트 이상 시정 8천 미터 (B=8)
다. 모의비행훈련장치 원칙적 유효기간 1년 (C=1)
총합: 5+8+1=14 [출처: 항공안전법 시행규칙 별표 24, 법 제39조의2]"
31,항공안전법 시행규칙상 항공기 및 초경량비행장치의 기준 중량을 나타내는 숫자의 합은?,"가. 초경량비행장치 중 무인동력비행장치의 자체중량은 ( A )kg 이하이다. (연료 제외)
나. 초경량비행장치 중 무인비행선은 자체중량 180kg 이하이고 길이가 ( B )m 이하인 것이다.
다. 활공기의 자체중량은 ( C )kg을 초과해야 한다.",220,230,240,250,3,"가. 무인동력비행장치 150kg 이하 (A=150)
나. 무인비행선 길이 20m 이하 (B=20)
다. 활공기 70kg 초과 (C=70)
총합: 150+20+70=240 [출처: 항공안전법 시행규칙 제2조, 제5조]"
32,"항공안전법상 경량항공기 및 초경량비행장치 벌칙 관련 숫자 (A), (B), (C)의 합은?","가. 주류등 영향으로 업무 수행 불가 상태에서 경량항공기 비행 시 벌금 상한액은 ( A )천만 원이다.
나. 경량항공기 영리 목적 불법 사용 시 벌금 상한액은 ( B )천만 원이다.
다. 초경량비행장치 안전성인증 없이 비행 시 징역 ( C )년 이하이다.",5,6,7,8,1,"가. 음주조종 경량항공기 3천만원 이하 벌금 (A=3)
나. 경량항공기 영리목적 위반 1천만원 이하 벌금 (B=1)
다. 안전성인증 미취득 초경량 비행 1년 이하 징역 (C=1)
총합: 3+1+1=5 [출처: 항공안전법 제160조, 제161조]"
33,항공안전법 시행령상 사망자 200명 이상 사고 발생 시 각 사업자별 부과되는 과징금(백만원 단위)의 총합은?,"가. 항공기사고를 고의 또는 중과실로 발생시켜 200명 이상의 사망자가 발생한 경우, 항공운송사업자에 대한 과징금은 ( A )백만 원이다.
나. 전문교육기관의 고의·중과실로 200명 이상의 사망자가 발생한 경우 과징금은 ( B )백만 원이다.
다. 정비조직인증을 받은 자의 고의·중과실로 200명 이상의 사망자가 발생한 경우 과징금은 ( C )백만 원이다.",11100,11150,11200,11250,2,"가. 운송사업자 10,000백만원 (A=10000)
나. 전문교육기관 650백만원 (B=650)
다. 정비조직 500백만원 (C=500)
총합: 10000+650+500=11150 [출처: 항공안전법 시행령 별표 3, 별표 1의2, 별표 4]"
34,항공안전법상 벌칙 규정에 해당하는 빈칸 숫자의 합은?,"가. 운항 중인 항공기 내에서 흡연을 한 자는 ( A )천만 원 이하의 벌금에 처한다.
나. 주기 중인 항공기 내에서 흡연을 한 자는 ( B )백만 원 이하의 벌금에 처한다.
다. 무선설비를 설치하지 않고 비행한 자의 벌금 상한액은 ( C )천만 원이다.",6,8,10,12,2,"가. 운항 중 기내 흡연 1천만원 (A=1)
나. 주기 중 기내 흡연 5백만원 (B=5)
다. 무선설비 미설치 2천만원 (C=2)
총합: 1+5+2=8 [출처: 항공안전법 제153조의2, 제153조]"
35,항공안전법 시행령상 사업자별 과징금 기준(백만원 단위)의 합은?,"가. 항공운송사업자가 사업을 시작하기 전 항공안전관리시스템을 마련하지 않은 1차 위반 과징금은 ( A )백만 원이다. (국내항공운송사업자기준)
나. 항공안전관리시스템을 승인 없이 운용한 국내항공운송사업자 과징금은 ( B )백만 원이다.
다. 전문교육기관이 2년을 초과하여 교육과정을 개설하지 않은 경우 과징금은 ( C )백만 원이다.",176,186,196,206,3,"가. 국내항공운송 SMS 미마련 80백만원 (A=80)
나. 승인없이 운용 80백만원 (B=80)
다. 전문교육기관 2년미개설 36백만원 (C=36)
총합: 80+80+36=196 [출처: 항공안전법 시행령 별표 3, 별표 1의2]"
36,항공안전법상 각 과징금 상한액(억원 단위)의 합을 구하시오.,"가. 초경량비행장치 전문교육기관의 지정 취소 처분을 갈음하는 과징금의 상한액은 10억원 이하이다. 그렇다면 항공운송사업자 과징금 상한액 ( A )억원과 합치면 얼마인가?
나. 정비조직인증을 받은 자에 대한 과징금 상한액은 ( B )억원이다.
다. 모의비행훈련장치 지정을 받은 자의 과징금 규정은 ( C )억원이다. (모의비행장치에 대한 직접적 과징금 상한이 없다면 0)",100,105,110,115,2,"가. 운송사업자 과징금 상한 100억원 (A=100)
나. 정비조직인증 과징금 상한 5억원 (B=5)
다. 모의비행훈련장치는 과징금 규정이 별도로 없음 (C=0)
총합: 100+5+0=105 [출처: 항공안전법 제92조, 제99조]"
37,항공안전법 시행규칙상 등록기호표 및 등록부호 표시에 관한 숫자의 합은?,"가. 항공기 등록기호표는 가로 ( A )센티미터, 세로 5센티미터 직사각형이어야 한다.
나. 수직 꼬리 날개에 표시하는 등록부호의 높이는 ( B )센티미터 이상이어야 한다.
다. 비행선 선체에 표시하는 등록부호의 높이는 ( C )센티미터 이상이어야 한다.",77,87,97,107,2,"가. 기호표 가로 7cm (A=7)
나. 수직꼬리날개 문자 높이 30cm 이상 (B=30)
다. 비행선 선체 문자 높이 50cm 이상 (C=50)
총합: 7+30+50=87 [출처: 항공안전법 시행규칙 제12조, 제15조]"
38,"항공안전법 시행규칙상 보고 및 이의신청 기한에 관한 숫자의 합은? (단, C는 72시간 기준으로 계산한다)","가. 항공신체검사증명 이의신청은 통보받은 날부터 ( A )일 이내에 제출해야 한다.
나. 이의신청 심사는 접수일부터 ( B )일 이내에 완료해야 하나 30일 연장이 가능하다.
다. 항공기사고 및 기준사고 보고는 즉시 해야 하며, 기타 장애의 경우 ( C )시간 이내에 보고해야 한다.",112,122,132,142,3,"가. 이의신청 30일 이내 (A=30)
나. 심사기간 30일 이내 (B=30)
다. 기타 장애 72시간 (C=72)
총합: 30+30+72=132 [출처: 항공안전법 시행규칙 제96조, 제134조]"
39,항공안전법 시행규칙상 비행속도 제한 기준에 관한 숫자의 합은?,"가. 지표면으로부터 ( A )미터를 초과하고 평균해면으로부터 3,050미터 미만 고도에서는 지시대기속도 250노트 이하로 비행해야 한다.
나. B등급 공역을 통과하는 VFR은 ( B )노트 이하로 비행해야 한다.
다. C등급 공역 반경 7.4km 내 고도 750m 이하에서는 ( C )노트 이하로 비행해야 한다.",1150,1250,1350,1450,1,"가. 750미터 초과 (A=750)
나. B등급 VFR 200노트 이하 (B=200)
다. C등급 하부 200노트 이하 (C=200)
총합: 750+200+200=1150 [출처: 항공안전법 시행규칙 제169조]"
40,항공안전법 시행규칙상 최저비행고도와 관련된 숫자의 합은?,"가. 시계비행방식 항공기가 인구밀집지역 상공 비행 시 반경 ( A )미터 안의 가장 높은 장애물 상단에서 300미터 고도로 비행해야 한다.
나. 계기비행방식 항공기가 산악지역 비행 시 반경 ( B )킬로미터 안 가장 높은 장애물 상단에서 600미터 고도로 비행해야 한다.
다. 시계비행 항공기가 인구비밀집지역 비행 시 지표면에서 ( C )미터 고도로 비행해야 한다.",748,758,768,778,2,"가. 인구밀집 시계비행 반경 600미터 내 300미터 (A=600)
나. 산악지역 계기비행 반경 8킬로미터 내 600미터 (B=8)
다. 비밀집 시계비행 지표 150미터 (C=150)
총합: 600+8+150=758 [출처: 항공안전법 시행규칙 제199조]"
41,항공안전법 시행규칙상 예항 및 구명용구 기준에 관련된 숫자의 합은?,"가. 활공기 예항 시 예항줄의 길이는 ( A )미터 이상이어야 한다.
나. 예항줄에는 ( B )미터 간격으로 표지를 붙여야 한다.
다. 육상단발비행기가 해안으로부터 ( C )해리 이상 해상 비행 시 탑승자마다 구명동의를 1개씩 탑재해야 한다.",110,120,130,140,1,"가. 예항줄 길이 40미터 이상 (A=40)
나. 표지 20미터 간격 (B=20)
다. 해안 50해리 이상 비행 시 구명동의 (C=50)
총합: 40+20+50=110 [출처: 항공안전법 시행규칙 제171조, 별표 15]"
42,항공안전법 시행규칙상 각 규정된 숫자의 총합을 구하시오.,"가. 모의비행장관제장비는 국지, 지상, 중계, 감독, 모의조종 각 1석으로 총 ( A )석을 필수로 갖추어야 한다.
나. 60세 이상 운항승무원(제1종)의 신체검사증명 유효기간은 ( B )개월이다.
다. 제2종 정밀접근의 결심고도 상한은 ( C )피트 미만이다.",201,211,221,231,2,"가. 관제석 최소 구성 5석 (A=5)
나. 60세 이상 1종 유효기간 6개월 (B=6)
다. 제2종 정밀접근 결심고도 200피트 미만 (C=200)
총합: 5+6+200=211 [출처: 항공안전법 시행규칙 별표 12, 별표 8, 제177조]"
43,항공안전법상 행정처분 및 심사 기준에 대한 빈칸의 합은?,"가. 항공교통업무증명을 받은 자가 시정명령 불이행 시 과태료 1차 ( A )만원
나. 조종연습생이 연습허가서를 소지하지 않고 비행 시 1차 위반 효력정지 ( B )일
다. 전문항공교통관제사 정기 심사는 2년마다 ( C )회 실시",271,281,291,301,2,"가. 시정조치 불이행 1차 과태료 250만원 (A=250)
나. 연습허가서 미소지 비행 1차 정지 30일 (B=30)
다. 관제사 정기심사 2년마다 1회 (C=1)
총합: 250+30+1=281 [출처: 항공안전법 시행령 별표 5, 시행규칙 별표 10의2, 제90조의2]"
44,"항공안전법령상 제재금액(만 원, 백만 원 단위 주의) 중 빈칸의 합은?","가. 항공운송사업자 외의 자가 운항관리사를 두지 않은 경우 1차 과태료 ( A )만원
나. 항공기 등록기호표를 부착하지 않은 경우 1차 과태료 ( B )만원
다. 이륙착륙 장소가 아닌 곳에서 이착륙한 경우 국내항공운송사업자 과징금 ( C )백만 원",430,450,470,490,1,"가. 운항관리사 미배치 1차 250만원 (A=250)
나. 등록기호표 미부착 1차 100만원 (B=100)
다. 이착륙장소 위반 국내운송사업자 과징금 80백만원 (C=80)
총합: 250+100+80=430 [출처: 항공안전법 시행령 별표 5, 별표 3]"
45,"항공안전법상 운항정지, 중량 및 보고시간 등에 대한 숫자의 합은?","가. 운항증명 소지자가 60일을 초과하여 연속 운항 중지 시 운항증명 효력 정지 명령. ( A = 60 )
나. 특별감항증명을 받을 수 있는 무인항공기의 연료 제외 자체중량 요건은 ( B )kg 초과 시. (비행기 기준 150)
다. 항공기사고 의무보고 기간은 사고 발생 후 즉시이나, 일반 장애의 경우 ( C )시간 이내이다. (C는 기본 장애기준)",262,272,282,292,3,"가. 연속 60일 초과 중지 시 효력정지 (A=60)
나. 무인비행기 자체중량 150kg 초과 시 항공기 분류 (B=150)
다. 의무보고 장애 72시간 내 (C=72)
총합: 60+150+72=282 [출처: 항공안전법 제90조, 시행규칙 제2조, 제134조]"
46,"항공사업법상 국내항공운송사업 및 국제항공운송사업의 면허기준 중 자본금 및 항공기 대수와 관련된 다음 보기박스의 빈칸 (A), (B), (C)에 들어갈 숫자를 모두 합한 값은?","가. 국제항공운송사업 법인의 납입자본금은 ( A )억 원 이상이어야 한다.
나. 국내항공운송사업의 항공기 대수는 ( B )대 이상이어야 한다.
다. 국제항공운송사업(여객)의 승객 좌석 수는 ( C )석 이상이어야 한다.",226,236,246,256,2,"가. 국제 법인 자본금 150억원 (A=150)
나. 국내 항공기 대수 5대 (B=5)
다. 국제여객 좌석수 81석 (C=81)
총합: 150+5+81=236 [출처: 항공사업법 시행령 별표 1]"
47,항공사업법상 소형항공운송사업의 등록요건과 관련하여 다음 빈칸에 알맞은 숫자를 모두 합한 값은?,"가. 승객 좌석 수가 51석 이상 80석 이하의 항공기를 이용하는 법인의 소형항공운송사업 납입자본금은 ( A )억 원 이상이다.
나. 소형항공운송사업의 국내선 승객 좌석 수는 최대 ( B )석 이하이다.
다. 소형항공운송사업의 국제선 승객 좌석 수는 최대 ( C )석 이하이다.",170,180,190,200,2,"가. 51~80석 법인 납입자본금 50억원 (A=50)
나. 국내선 최대 80석 이하 (B=80)
다. 국제선 최대 50석 이하 (C=50)
총합: 50+80+50=180 [출처: 항공사업법 시행령 별표 2]"
48,"항공사업법상 등록요건 중 개인의 자산평가액 기준에 대하여 빈칸 (A), (B), (C), (D)에 해당하는 숫자를 합한 값은?","가. 항공기사용사업 개인 자산평가액 ( A )억 원 이상
나. 항공기정비업 개인 자산평가액 ( B )억 원 이상
다. 항공기대여업(경량/초경량 제외) 개인 자산평가액 ( C )억 ( D )천만 원 이상 (단, C와 D를 합할 것)",23.75,24.75,25.75,26.75,3,"가. 사용사업 개인 자산평가액 11.25억원 (11억 2,500만 원, A=11.25)
나. 정비업 개인 자산평가액 4.5억원 (B=4.5)
다. 대여업 개인 자산평가액 3.75억원 (3억 7,500만 원, C=3, D=7)
총합: 11.25+4.5+3+7=25.75 [출처: 항공사업법 시행령 별표 4, 6, 8]"
49,"항공사업법상 보증보험 가입과 교육비 반환금액 산정기준과 관련하여 다음 보기박스의 빈칸 (A), (B), (C)에 들어갈 숫자의 합은?","가. 비행훈련업자의 보증보험등 가입 금액에서 직전 사업연도 매출액 20억원 이상 30억원 미만인 경우 ( A )억 원 이상이다.
나. 총 교육기간 1개월 이내, 총 교육시간 1/3 경과 전 반환금액은 이미 납부한 교육비의 ( B )/( C ) 에 해당하는 금액이다.",7,8,9,10,3,"가. 20억~30억 미만 매출액 보증보험가입 4억원 이상 (A=4)
나. 1/3 경과전 반환금액 2/3 (B=2, C=3)
총합: 4+2+3=9 [출처: 항공사업법 시행규칙 별표 1의2, 별표 1의3]"
50,"항공사업법상 이동지역에서의 지연 금지 등과 관련된 다음 빈칸 (A), (B), (C)의 숫자를 모두 더한 값은?","가. 항공운송사업자는 국내항공운송 시 이동지역에서 ( A )시간을 초과하여 승객을 기내에 머무르게 해서는 안 된다.
나. 지연 시 승객에게 ( B )분마다 사유 및 진행상황을 알려야 한다.
다. 머무르는 시간이 ( C )시간을 초과하게 된 경우 적절한 음식물을 제공해야 한다.",33,34,35,36,3,"가. 국내선 3시간 한도 (A=3)
나. 30분마다 고지 (B=30)
다. 2시간 초과 시 음식물 제공 (C=2)
총합: 3+30+2=35 [출처: 항공사업법 시행규칙 제61조의2]"
51,"항공사업법상 과징금 상한액에 대하여 빈칸 (A), (B), (C)에 들어갈 숫자를 더한 값은? (단위: 억원)","가. 항공운송사업자의 사업정지처분을 갈음한 과징금 상한액은 ( A )억 원이다. (소형항공운송사업자 제외)
나. 소형항공운송사업자의 사업정지처분을 갈음한 과징금 상한액은 ( B )억 원이다.
다. 항공기정비업자, 항공기취급업자, 항공기대여업자의 사업정지처분을 갈음한 과징금 상한액은 ( C )억 원이다.",63,73,83,93,2,"가. 항공운송사업자 과징금 한도 50억원 (A=50)
나. 소형항공운송사업자 20억원 (B=20)
다. 정비/취급/대여업자 3억원 (C=3)
총합: 50+20+3=73 [출처: 항공사업법 제29조, 제43조, 제45조, 제47조]"
52,"항공사업법상 휴업, 폐업 및 상속 등에 관한 신고 기간으로 빈칸 (A), (B), (C)에 해당하는 숫자의 합을 구하시오.","가. 피상속인이 사망하여 항공운송사업을 계속하려는 상속인은 사망한 날부터 ( A )일 이내에 신고해야 한다.
나. 항공기사용사업자가 휴업 신고를 하려는 경우 휴업 예정일 ( B )일 전까지 제출해야 한다.
다. 상업서류송달업을 경영하는 자가 상호 또는 대표자를 변경하려는 경우 사유가 발생한 날부터 ( C )일 이내에 신고해야 한다.",85,95,105,115,2,"가. 상속 승계신고 사망일부터 30일 이내 (A=30)
나. 사용사업 휴업신고 예정일 5일 전 (B=5)
다. 상업서류송달업 대표자 등 변경신고 60일 이내 (C=60)
총합: 30+5+60=95 [출처: 항공사업법 제23조, 시행규칙 제38조, 제52조]"
53,항공사업법상 벌금형 상한액(만원 단위) 중 빈칸에 들어갈 숫자의 총합을 구하시오.,"가. 등록하지 않고 소형항공운송사업을 경영한 자의 벌금 상한액은 ( A )만원이다.
나. 등록하지 않고 항공기정비업을 경영한 자의 벌금 상한액은 ( B )만원이다.
다. 인가 또는 변경인가를 받지 않고 운임 또는 요금을 받은 항공운송사업자의 벌금 상한액은 ( C )만원이다.",3000,4000,5000,6000,3,"가. 소형운송 미등록 경영: 3년 이하 징역 또는 3천만원 이하 벌금 (A=3000)
나. 정비업 미등록 경영: 1년 이하 징역 또는 1천만원 이하 벌금 (B=1000)
다. 운임 인가 위반: 1천만원 이하 벌금 (C=1000)
총합: 3000+1000+1000=5000 [출처: 항공사업법 제78조]"
54,항공사업법상 초경량비행장치 등 불법 사용의 처벌과 관련하여 빈칸의 숫자를 더한 값은?,"가. 경량항공기를 영리 목적으로 사용한 자는 ( A )년 이하의 징역 또는 1,000만원 이하의 벌금에 처한다.
나. 초경량비행장치를 영리 목적으로 사용한 자는 ( B )개월 이하의 징역 또는 ( C )만원 이하의 벌금에 처한다.",505,506,507,508,3,"가. 경량항공기 영리사용: 1년 이하 징역 (A=1)
나. 초경량비행장치 영리사용: 6개월 이하 징역, 500만원 이하 벌금 (B=6, C=500)
총합: 1+6+500=507 [출처: 항공사업법 제80조]"
55,"항공사업법상 과태료 부과 기준에 대하여 빈칸 (A), (B), (C)의 숫자를 모두 더한 값은? (단위: 만원)","가. 항공교통사업자(외국인 국제항공운송사업자 포함)가 제27조제6호(자료제출 등) 외의 사업개선 명령을 이행하지 않은 경우 1차 위반 시 과태료는 ( A )만원이다.
나. 항공운임 등 총액을 제공하지 않은 외국인 국제항공운송사업자의 1차 위반 과태료는 ( B )만원이다.
다. 운송약관을 갖춰 두지 않은 국내항공운송사업자의 1차 위반 과태료는 ( C )만원이다.",1450,1500,1550,1600,3,"가. 항공교통사업자 사업개선명령 불이행 1차: 1,000만원 (A=1000)
나. 외국인국제 운임총액 미제공 1차: 400만원 (B=400)
다. 국내항공운송 운송약관 미비치 1차: 150만원 (C=150)
총합: 1000+400+150=1550 [출처: 항공사업법 시행령 별표 11]"
56,항공사업법상 항공교통이용자의 피해구제 및 서비스 평가에 관한 기간 중 빈칸의 합을 구하시오.,"가. 항공교통사업자는 항공교통이용자의 피해구제 신청을 접수한 날부터 원칙적으로 ( A )일 이내에 결과를 통지해야 한다.
나. 피해조사를 위한 번역 필요 등 특별한 사유가 있는 경우, 접수한 날부터 ( B )일 이내에 통지해야 한다.
다. 국토교통부장관은 항공교통서비스 평가 결과를 평가가 끝난 날부터 ( C )일 이내에 홈페이지에 게시해야 한다.",74,84,94,104,2,"가. 원칙적 14일 이내 결과통지 (A=14)
나. 특별사유 시 60일 이내 통지 (B=60)
다. 평가결과 10일 이내 홈페이지 게시 (C=10)
총합: 14+60+10=84 [출처: 항공사업법 시행규칙 제61조, 제26조]"
57,항공사업법상 위반행위별 과징금 부과기준 중 국내항공운송사업자의 과징금(만원 단위)을 구하여 더한 값은?,"가. 면허기준 또는 등록기준에 미달한 경우: ( A )만원
나. 사업계획에 따라 사업을 하지 않은 경우: ( B )만원
다. 상속에 관한 신고를 하지 않은 경우: ( C )만원",2000,3000,4000,5000,2,"가. 국내항공운송사업자 면허기준 미달: 1,000만원 (A=1000)
나. 사업계획 미이행: 1,000만원 (B=1000)
다. 상속 미신고: 1,000만원 (C=1000)
총합: 1000+1000+1000=3000 [출처: 항공사업법 시행령 별표 3]"
58,항공사업법상 위반행위별 과징금 부과 대상이 되는 원 처분(사업정지 일수)에 관한 다음 빈칸의 숫자를 더한 값은?,"가. 항공기사용사업자가 사업계획에 따라 사업을 하지 않은 경우 사업일부정지 ( A )일
나. 항공기취급업자가 신고 없이 사업을 양도·양수한 경우 사업전부정지 ( B )일
다. 항공운송총대리점업자가 상속 신고를 하지 않은 경우 영업소 폐쇄 갈음 사업전부정지 ( C )일",50,60,70,80,3,"가. 사용사업자 사업계획 미이행: 정지 30일 (A=30)
나. 취급업자 미신고 양도양수: 정지 20일 (B=20)
다. 총대리점업 상속 미신고: 정지 20일 (C=20)
총합: 30+20+20=70 [출처: 항공사업법 시행령 별표 5]"
59,"항공사업법상 위원회와 관련된 숫자 중 빈칸 (A), (B), (C)를 합한 값은?","가. 항공정책위원회는 위원장 1명을 포함한 ( A )명 내외의 위원으로 구성한다.
나. 위촉위원의 임기는 ( B )년으로 한다.
다. 실무위원회는 위원장 1명을 포함한 ( C )명 내외의 위원으로 구성한다.",38,40,42,44,3,"가. 항공정책위 위원 20명 내외 (A=20)
나. 위촉위원 임기 2년 (B=2)
다. 실무위 위원 20명 내외 (C=20)
총합: 20+2+20=42 [출처: 항공사업법 시행령 제4조, 제9조]"
60,항공사업법상 항공사업 등록요건 중 인력 확보기준에 관련된 다음 빈칸의 숫자를 합한 값은?,"가. 소형항공운송사업 조종사는 항공기 1대당 1명, 정비사는 1대당 ( A )명 이상이어야 한다. (정비 전체위탁 제외)
나. 항공기사용사업 정비사는 항공기 1대당(같은 기종인 경우 2대당) ( B )명 이상이어야 한다.
다. 항공레저스포츠사업(초경량비행장치 사용) 조종사는 비행시간이 ( C )시간 이상인 사람 1명 이상이어야 한다.",180,182,184,186,2,"가. 소형운송 정비사 1대당 1명 이상 (A=1)
나. 사용사업 정비사 1대당(동기종 2대당) 1명 이상 (B=1)
다. 항공레저 조종사 비행 180시간 이상 (C=180)
총합: 1+1+180=182 [출처: 항공사업법 시행령 별표 2, 4, 10]"
61,항공사업법상 외국인 국제항공운송사업의 사업계획 변경신고 중 '경미한 사항'에 관한 숫자이다. 빈칸의 합은?,"가. 정기편의 운항 횟수 감편 또는 ( A )주 미만 운항 중단
나. 국제선 운항의 임시변경 사항 (( B )일 이내인 경우만 해당)",10,11,12,13,2,"가. 4주 미만 운항중단 (A=4)
나. 7일 이내 임시변경 (B=7)
총합: 4+7=11 [출처: 항공사업법 시행규칙 제61조]"
62,항공사업법상 휴업 기간 등에 관한 숫자 중 빈칸을 모두 합한 값은?,"가. 국내항공운송사업자의 휴업 또는 휴지 기간은 원칙적으로 ( A )개월을 초과할 수 없다.
나. 외국과의 항공협정으로 제한 없이 운항이 가능한 노선의 휴지 기간은 ( B )개월을 초과할 수 없다.
다. 외국인 국제항공운송사업자가 최대 휴업기간이 지난 이후 폐업신고를 하지 않으면 최대 휴업기간 종료일의 다음날 폐업한 것으로 본다. 이 최대 휴업기간은 ( C )개월이다.",22,24,26,28,2,"가. 일반적 휴업 한도 6개월 (A=6)
나. 제한 없는 항공협정 노선 12개월 (B=12)
다. 외항사 최대 휴업기간 6개월 (C=6)
총합: 6+12+6=24 [출처: 항공사업법 시행규칙 제24조, 제57조]"
63,항공사업법상 과태료 부과 기준에 대한 1차 위반 시 과태료 금액(만원 단위)을 합한 값은?,"가. 폐업 신고를 하지 않은 항공기취급업자: ( A )만원
나. 상업서류송달업자가 사업개선명령 불이행: ( B )만원
다. 보험가입 없이 초경량비행장치 비행: ( C )만원",450,500,550,600,3,"가. 폐업 미신고 취급업자 1차 250만원 (A=250)
나. 상업서류송달업 사업개선명령 불이행 1차 150만원 (B=150)
다. 초경량 보험 미가입 비행 1차 150만원 (C=150)
총합: 250+150+150=550 [출처: 항공사업법 시행령 별표 11]"
64,"항공사업법상 행정처분에 관한 과징금 최고액(만원 단위)의 합은? (단, 고의중과실이나 가중 등은 배제한 기본 과징금 상한)","가. 국제항공운송사업자가 운임 및 요금 인가 위반 시 부과할 수 있는 과징금은 ( A )만원이다.
나. 국내항공운송사업자가 사업계획에 따라 사업을 하지 않은 경우 부과할 수 있는 과징금은 ( B )만원이다.
다. 외국인 국제항공운송사업자가 항공계기등을 탑재하지 않고 항공에 사용한 경우 과징금은 ( C )만원이다.",3000,4000,5000,6000,2,"가. 국제항공운송 운임 인가위반 2,000만원 (A=2000)
나. 국내항공운송 사업계획 미이행 1,000만원 (B=1000)
다. 외항사 항공계기 미탑재 1,000만원 (C=1000)
총합: 2000+1000+1000=4000 [출처: 항공사업법 시행령 별표 3]"
65,항공사업법상 노선허가 및 사업계획 변경에 소요되는 기한과 관련된 빈칸 숫자를 합한 값은?,"가. 국제항공운송사업의 면허를 받으려는 자는 신청서를 제출하여야 하며, 임시증편을 하려면 운항개시예정일 ( A )일 전까지 지방항공청장에게 제출하여야 한다.
나. 외국인 국제항공운송사업의 허가를 신청하려는 자는 운항개시예정일 ( B )일 전까지 제출해야 한다.
다. 외국항공기의 유상운송허가 신청은 운송 예정일 ( C )일 전까지 제출해야 한다.",70,75,80,85,2,"가. 임시증편 예정일 5일 전 (A=5)
나. 외항사 허가 예정일 60일 전 (B=60)
다. 외국항공기 유상운송 예정일 10일 전 (C=10)
총합: 5+60+10=75 [출처: 항공사업법 시행규칙 제17조, 제54조, 제56조]"
66,항공사업법상 과태료 부과 시 위반 횟수별 가중 기준 등에 대한 숫자이다. 빈칸의 합은?,"가. 위반행위의 횟수에 따른 과태료의 가중 부과기준은 최근 ( A )년간 같은 위반행위로 처분받은 경우에 적용한다.
나. 보험에 가입하지 않고 초경량비행장치 비행을 2차 위반 시 과태료 ( B )만원이다.
다. 항공교통사업자가 지연사유 및 진행상황을 알리지 않은 경우 3차 위반 시 과태료 ( C )만원이다.",701,751,801,851,3,"가. 과태료 가중적용 최근 1년 (A=1)
나. 보험미가입 초경량 비행 2차 300만원 (B=300)
다. 지연사유 미고지 3차 500만원 (C=500)
총합: 1+300+500=801 [출처: 항공사업법 시행령 별표 11]"
67,항공사업법상 항공레저스포츠사업 중 패러글라이딩 등 비행 서비스 제공사업(법 제2조제26호가목)의 자본금 및 인력 기준 관련 숫자의 합은?,"가. 해당 사업의 개인 자산평가액은 원칙적으로 ( A )억 ( B )천만 원 이상이다.
나. 정비인력은 항공정비사 자격증명을 받은 사람 ( C )명 이상이어야 한다.",8,9,10,11,3,"가. 서비스 가목 개인 자산평가액 4.5억(4억 5천만) (A=4, B=5)
나. 정비인력 1명 이상 (C=1)
총합: 4+5+1=10 [출처: 항공사업법 시행령 별표 10]"
68,항공사업법상 사업개선명령 사유에 해당하는 자본잠식 기준과 관련된 숫자의 합은?,"가. 자본금의 ( A )분의 1 이상이 잠식된 상태가 ( B )년 이상 지속되는 경우 국토교통부장관은 재무구조 개선을 명할 수 있다.
나. 위 명령 후 자본잠식이 ( C )년 이상 지속되어 소비자 피해가 우려될 경우 면허 또는 등록을 취소할 수 있다.",3,4,5,6,3,"가. 자본금 1/2 잠식 1년 이상 시 개선명령 (A=2, B=1)
나. 명령 후 2년 이상 지속 시 취소 가능 (C=2)
총합: 2+1+2=5 [출처: 항공사업법 시행규칙 제30조, 시행령 별표 1]"
69,항공사업법상 사업 정지 처분 일수와 관련된 다음 빈칸의 숫자를 합한 값은?,"가. 외국인 국제항공운송사업자가 신고 없이 휴업한 경우 사업일부정지 ( A )일
나. 외국인 국제항공운송사업자가 사업계획에 따라 사업을 하지 않은 경우 사업일부정지 ( B )일
다. 국내항공운송사업자가 인가받은 운임과 다른 내용의 운임표를 갖춰둔 경우 사업일부정지 ( C )일",45,50,55,60,3,"가. 외항사 미신고 휴업 정지 20일 (A=20)
나. 외항사 사업계획 미이행 정지 30일 (B=30)
다. 국내항공운송 부당 운임표 비치 정지 5일 (C=5)
총합: 20+30+5=55 [출처: 항공사업법 시행령 별표 3, 시행규칙 별표 3]"
70,"항공사업법상 등록 및 신고 관련 제출기한 및 금액 단위 숫자 중 빈칸 (A), (B), (C)를 모두 더한 값은?","가. 상업서류송달업 상호 또는 대표자 변경 신고는 사유 발생일로부터 ( A )일 이내에 해야 한다.
나. 도심공항터미널업 상호 또는 대표자 변경 신고는 사유 발생일로부터 ( B )일 이내에 해야 한다.
다. 항공기사용사업, 항공기정비업, 항공기대여업 등의 등록 신청 수수료는 ( C )만 원이다.",71,81,91,101,3,"가. 상업서류송달업 상호변경 60일 이내 (A=60)
나. 도심공항터미널업 상호변경 30일 이내 (B=30)
다. 등록 신청 수수료 1만원 (C=1)
총합: 60+30+1=91 [출처: 항공사업법 시행규칙 제52조, 제54조, 별표 4]"
71,"공항시설법상 다음 보기박스의 빈칸 (A), (B), (C)에 들어갈 숫자를 모두 더한 값은 얼마인가?","가. 육상비행장 착륙대 등급 A의 활주로 길이는 ( A )m 이상이다.
나. 육상비행장 착륙대 등급 E의 활주로 길이는 ( B )m 이상 1,500m 미만이다.
다. 육상비행장 착륙대 등급 J의 활주로 길이는 ( C )m 이상 500m 미만이다.",3830,3930,4030,4130,2,"가. A등급 활주로 길이 2,550m 이상 (A=2550)
나. E등급 활주로 길이 1,280m 이상 1,500m 미만 (B=1280)
다. J등급 활주로 길이 100m 이상 500m 미만 (C=100)
총합: 2550 + 1280 + 100 = 3930 [출처: 공항시설법 시행규칙 별표 1]"
72,"공항시설법상 다음 보기박스의 빈칸 (A), (B), (C), (D)에 알맞은 숫자를 합한 값은?","가. 수상비행장 4등급 착륙대의 폭은 최소 ( A )m 이상이어야 한다.
나. 착륙대의 길이가 200m 미만인 1등급 착륙대의 수심은 ( B )m까지 완화할 수 있다. (단, B의 값에 10을 곱하여 정수로 더할 것)
다. 수상비행장 선회수역의 지름은 최소 ( C )m 이상이어야 한다.
라. 수상비행장 1등급 유도수로의 폭은 최소 ( D )m 이상이어야 한다.",227,237,247,257,2,"가. 4등급 착륙대 폭 60m 이상 (A=60)
나. 수심 1.2m까지 완화 (B=1.2×10=12)
다. 선회수역 지름 120m 이상 (C=120)
라. 1등급 유도수로 폭 45m 이상 (D=45)
총합: 60+12+120+45=237 [출처: 공항시설법 시행규칙 별표 1]"
73,"공항시설법상 다음 보기박스의 빈칸 (A), (B), (C)에 알맞은 숫자의 합은?","가. 육상비행장의 착륙대 등급이 A인 경우 수평표면의 반지름 길이는 ( A )m이다.
나. 육상비행장의 수평표면의 높이는 가장 높은 점을 기준으로 수직상방 ( B )m이다.
다. 비계기접근에 사용되는 옥상헬기장의 수평표면 반지름 길이는 ( C )m이다.",4145,4245,4345,4445,2,"가. A등급 착륙대 수평표면 반지름 4,000m (A=4000)
나. 수평표면 높이 수직상방 45m (B=45)
다. 옥상헬기장 수평표면 반지름 200m (C=200)
총합: 4000+45+200=4245 [출처: 공항시설법 시행규칙 별표 2]"
74,"공항시설법상 보기박스 내 빈칸 (A), (B), (C)의 분모 및 길이를 모두 합한 값은?","가. 비정밀접근 및 비계기접근 육상비행장의 착륙대 등급 A의 진입표면 경사도는 ( A )분의 1이다.
나. 수상비행장의 착륙대 등급 3의 진입표면 경사도는 ( B )분의 1이다.
다. 비계기접근 육상비행장의 진입구역 길이는 ( C )m이다.",3050,3060,3070,3080,3,"가. A등급 진입표면 경사도 1/40 (A=40)
나. 수상비행장 3등급 진입표면 경사도 1/30 (B=30)
다. 비계기접근 육상비행장 진입구역 길이 3,000m (C=3000)
총합: 40+30+3000=3070 [출처: 공항시설법 시행규칙 별표 2]"
75,"공항시설법상 다음 보기박스 내 빈칸 (A), (B), (C)에 해당하는 색상을 환산표에 따라 숫자로 바꾼 후, 모두 합한 값은?","가. 정지선등(Stop Bar Lights)의 색상은 ( A )색이다.
나. 일시정지위치등(Intermediate Holding Position Lights)의 색상은 ( B )색이다.
다. 유도로등(Taxiway Edge Lights)의 색상은 ( C )색이다.
(단, 노란색=1, 녹색=2, 붉은색=3, 흰색=4, 파란색=5로 환산하여 합산하시오.)",7,8,9,10,3,"가. 정지선등은 붉은색 (A=3)
나. 일시정지위치등은 노란색 (B=1)
다. 유도로등은 파란색 (C=5)
총합: 3+1+5=9 [출처: 공항시설법 시행규칙 별표 3, 14]"
76,"공항시설법상 다음 보기박스의 빈칸 (A), (B), (C)에 알맞은 숫자의 합은?","가. 지표 또는 수면으로부터 높이가 ( A )m 미만인 물체에는 원칙적으로 저광도 표시등을 설치해야 한다.
나. 지표 또는 수면으로부터 높이가 ( B )m 이상인 물체에는 고광도 A나 B형태의 표시등을 설치해야 한다.
다. 지표면(AGL)에서 92m 이하의 지형에 설치된 고광도 표시등의 수평선에서 빔의 최고 각도는 ( C )°이다.",196,198,200,202,2,"가. 45m 미만 저광도 표시등 (A=45)
나. 150m 이상 고광도 표시등 (B=150)
다. 92m 이하 지형의 고광도 빔 최고 각도 3° (C=3)
총합: 45+150+3=198 [출처: 공항시설법 시행규칙 별표 10]"
77,공항시설법상 보기박스 내용 중 빈칸에 들어갈 숫자의 총합을 구하시오.,"가. 표시등이 설치된 구조물로부터 ( A )m 이내에 위치한 구조물로서 그 높이가 장애물차폐면보다 낮은 구조물은 표시등 설치를 생략할 수 있다.
나. 표시등이 설치된 구조물로부터 ( B )m 이내에 위치한 구조물로서 그 높이가 같거나 낮은 구조물은 표시등 설치를 생략할 수 있다.
다. 표지가 설치된 구조물로부터 45m 이내에 위치한 구조물은 표지 설치를 생략할 수 있으나, 이 때 높이는 같거나 ( C )아야 한다. (낮으면=1, 높으면=2로 환산)",644,645,646,647,3,"가. 차폐면보다 낮고 600m 이내면 생략 가능 (A=600)
나. 높이가 같거나 낮고 45m 이내면 생략 가능 (B=45)
다. 표지도 같거나 낮아야 하므로 낮으면 1로 환산 (C=1)
총합: 646 [출처: 공항시설법 시행규칙 별표 11]"
78,"공항시설법상 보기박스의 (A), (B), (C)에 들어갈 숫자를 합한 값은?","가. 무지향표지시설(NDB)의 주파수 허용편차는 일반적인 경우 ±( A )퍼센트 이내여야 한다. (A에 100을 곱하여 더할 것)
나. 전방향표지시설(VOR)의 최고 할당 가능한 주파수는 117.950MHz이며, 채널 간격은 ( B )kHz이다.
다. 거리측정시설(DME)의 주파수는 960MHz에서 ( C )MHz까지의 주파수대이다.",1265,1266,1276,1286,2,"가. NDB 주파수 허용편차 ±0.01% (A=0.01×100=1)
나. VOR 채널 간격 50kHz (B=50)
다. DME 주파수대 960MHz~1,215MHz (C=1215)
총합: 1+50+1215=1266 [출처: 공항시설법 시행규칙 별표 15]"
79,"공항시설법상 다음 빈칸 (A), (B), (C)에 들어갈 숫자를 모두 더한 값은?","가. 항행안전시설 비행검사 수수료 금액은 비행시간당 ( A )만원이다.
나. 항행안전시설 연구개발을 목적으로 하는 비행검사 시 수수료의 100분의 ( B )을 감경한다.
다. 사용료 분할 납부 시 연 ( C )퍼센트의 이자를 붙인다.",295,300,305,310,3,"가. 비행검사 수수료 시간당 267만원 (A=267)
나. 연구개발 목적 비행검사는 30% 감경 (B=30)
다. 사용료 분할 납부 시 연 8% 이자 부과 (C=8)
총합: 267+30+8=305 [출처: 공항시설법 시행규칙 별표 5, 별표 21]"
80,"공항시설법상 보기박스 (A), (B), (C) 숫자의 합은 얼마인가?","가. 공항운영자가 거짓으로 공항운영증명을 받은 경우 처분은 ( A )이다. (취소=1, 60일 정지=2, 90일 정지=3)
나. 항공기사고로 사망자가 150명 이상 200명 미만 발생한 경우 공항운영정지 기간은 ( B )일이다.
다. 항공기사고로 인한 재산 피해가 50억원 이상 100억원 미만인 경우 공항운영정지 기간은 ( C )일이다.",161,171,181,191,2,"가. 거짓/부정한 방법 증명취소 (A=1)
나. 사망자 150~200명 미만 시 운영정지 150일 (B=150)
다. 재산 피해 50억~100억 미만 시 운영정지 20일 (C=20)
총합: 1+150+20=171 [출처: 공항시설법 시행규칙 별표 13]"
81,"공항시설법상 빈칸 (A), (B), (C)에 들어갈 숫자를 모두 더한 값은?","가. 공항운영자가 고의 또는 중대한 과실로 사망자 200명 이상의 사고를 발생시켰을 때, 총 운항횟수 8만회 이상 공항의 과징금은 ( A )만원이다.
나. 같은 조건에서 사망자 10명 미만의 사고 발생 시, 총 운항횟수 4만회 이상 8만회 미만 공항의 과징금은 ( B )만원이다.
다. 사업을 시작하기 전까지 항공안전관리시스템을 마련하지 않은 경우, 총 운항횟수 8만회 이상 공항의 과징금은 ( C )만원이다.",106000,108000,110000,112000,2,"가. 사망 200명 이상, 8만회 이상 공항 과징금 100,000만원 (A=100000)
나. 사망 10명 미만, 4만~8만회 미만 공항 과징금 5,000만원 (B=5000)
다. 안전관리시스템 미비, 8만회 이상 과징금 3,000만원 (C=3000)
총합: 108000 [출처: 공항시설법 시행령 별표 1의2]"
82,"공항시설법상 빈칸 (A), (B), (C)의 숫자를 모두 더한 값은?","가. 공항운영자의 사전 승인 없이 차량을 운전한 자의 1차 위반 시 업무정지 기간은 ( A )일이다.
나. 지상안전사고 발생을 즉시 신고하지 않은 경우 1차 위반 시 업무정지 기간은 ( B )일이다.
다. 보호구역에서 지정장소 외 흡연으로 2차 위반 시 업무정지 기간은 ( C )일이다.",15,20,25,30,2,"가. 사전 승인 없이 차량 운전 시 1차 업무정지 10일 (A=10)
나. 지상안전사고 미신고 1차 업무정지 5일 (B=5)
다. 보호구역 부적절 흡연 2차 업무정지 5일 (C=5)
총합: 20 [출처: 공항시설법 시행규칙 별표 4의2]"
83,공항시설법상 보기박스 내용 중 빈칸에 들어갈 숫자의 총합은?,"가. 공항에서 폭언 또는 고성방가 등으로 1차 위반 시 범칙금액은 ( A )만원이다.
나. 흡연구역 외 장소에서 담배를 피우다 2차 위반한 경우 범칙금액은 ( B )만원이다.
다. 내화구조 및 소화설비를 갖추지 않은 장소에서 휘발성 액체로 항공기를 청소하다 1차 위반 시 범칙금액은 ( C )만원이다.",15,20,25,30,2,"가. 폭언/고성방가 1차 범칙금 5만원 (A=5)
나. 흡연구역 외 흡연 2차 범칙금 10만원 (B=10)
다. 내화구조 미비 장소 청소 1차 범칙금 5만원 (C=5)
총합: 20 [출처: 공항시설법 시행령 별표 4]"
84,"공항시설법상 보기박스의 (A), (B), (C)에 해당하는 숫자의 합은?","가. 준공확인증명서를 받기 전에 이착륙장을 사용한 경우 1차 위반 과태료는 ( A )만원이다.
나. 지상안전사고 발생 사실을 즉시 신고하지 않은 공항운영자(법 제31조의2제1항제4호 위반)의 1차 위반 과태료는 ( B )만원이다.
다. 보호구역에 설치된 교통안전 관련 표지를 훼손한 자의 1차 위반 과태료는 ( C )만원이다.",255,285,305,355,3,"가. 준공확인 전 사용 1차 과태료 250만원 (A=250)
나. 지상안전사고 미신고(운영자/수행단체) 1차 과태료 50만원 (B=50)
다. 교통표지 훼손(개인) 1차 과태료 5만원 (C=5)
총합: 305 [출처: 공항시설법 시행령 별표 3]"
85,"공항시설법상 다음 (A), (B), (C)에 알맞은 숫자의 총합은 얼마인가?","가. 거리측정시설(DME)의 주파수는 960MHz에서 ( A )MHz까지이다.
나. 전술항행표지시설(TACAN)의 보조기준신호는 1초당 ( B )개의 펄스쌍이 송신되어야 한다.
다. 공항지상감시레이더(ASDE) 안테나 회전속도는 ( C )rpm ± 10%여야 한다.",1935,1965,1995,2025,3,"가. DME 주파수 대역: 960MHz ~ 1215MHz (A=1215)
나. TACAN 보조기준신호 초당 720개 펄스쌍 (B=720)
다. ASDE 안테나 회전속도 60rpm ±10% (C=60)
총합: 1215+720+60=1995 [출처: 공항시설법 시행규칙 별표 15]"
86,"공항시설법상 빈칸 (A), (B), (C) 숫자를 모두 합한 값은?","가. 1급 모기지의 터미널 연건평은 ( A )제곱미터 이상이어야 한다.
나. 2급 모기지의 주차장 면적은 ( B )제곱미터 이상이어야 한다.
다. 3급 모기지는 항공기 ( C )대 이상을 계류할 수 있어야 한다.",1001,1101,1201,1301,2,"가. 1급 터미널 연건평 300㎡ 이상 (A=300)
나. 2급 주차장 800㎡ 이상 (B=800)
다. 3급 계류장 항공기 1대 이상 (C=1)
총합: 300+800+1=1101 [출처: 공항시설법 시행규칙 별표 1]"
87,"공항시설법상 빈칸 (A), (B), (C)에 들어갈 숫자를 합한 값은?","가. 가공선, 케이블 등에 설치하는 원형 표지물의 지름은 ( A )센티미터 이상이어야 한다.
나. 지름이 80센티미터 이상인 표지물 간의 간격은 ( B )미터를 초과해서는 안 된다.
다. 전이표면의 경사도는 아래쪽 가장자리에서 바깥쪽 위로 ( C )분의 1이다. (단, 육상비행장 기준)",92,97,102,107,3,"가. 원형 표지물 지름 60cm 이상 (A=60)
나. 지름 80cm 이상 시 간격 35m 이하 (B=35)
다. 육상비행장 전이표면 경사도 1/7 (C=7)
총합: 60+35+7=102 [출처: 공항시설법 시행규칙 별표 10, 별표 2]"
88,"공항시설법상 다음 (A), (B), (C)에 해당하는 숫자를 모두 더한 값은?","가. 유도로 중심선과 4.5m 이상 6m 미만의 OMGWS 항공기 주기장 유도선의 장애물 간 이격 거리는 ( B )m이다. (별표 9 분류문자 B 참조)
나. 장애물제한구역 내 비행안전에 영향을 주는 장애물은 ( C )년마다 정밀측량을 실시해야 한다.
다. 항공장애 주간표지 중 가로 세로가 각각 ( A )미터 이상인 물체는 체크무늬로 표지해야 한다. (A에 10을 곱하여 더할 것)",64.5,65.5,66.5,67.5,3,"가. 분류문자 B (4.5m~6m 미만) 주기장 유도선 장애물 간 거리 16.5m (B=16.5)
나. 장애물 정밀측량 5년마다 실시 (C=5)
다. 가로세로 4.5m 이상 물체 체크무늬 표지 (A=4.5×10=45)
총합: 45+16.5+5=66.5 [출처: 공항시설법 시행규칙 별표 9, 제25조, 별표 10]"
89,"공항시설법상 빈칸 (A), (B), (C)의 숫자를 합한 값은?","가. 조류충돌 위험도 평가는 비행장 표점 기준 반경 ( A )킬로미터 이내 지역을 대상으로 한다.
나. 조류충돌 예방 전담인력은 상시 최소 ( B )명 이상 확보해야 한다.
다. 조류충돌 예방 기본계획은 ( C )년마다 수립해야 한다.",20,21,22,23,3,"가. 조류충돌 위험 평가 대상 반경 13km (A=13)
나. 전담인력 4명 이상 확보 (B=4)
다. 예방기본계획 5년마다 수립 (C=5)
총합: 13+4+5=22 [출처: 공항시설법 시행규칙 제19조의10, 제19조의6, 법 제31조의6]"
90,"공항시설법상 빈칸 (A), (B), (C)에 알맞은 숫자를 모두 합한 값은?","가. 승인을 받지 않은 사람에게 차량을 운전하게 한 2차 위반 과태료는 ( A )만원이다.
나. 이착륙장 준공확인 전 사용 시 3차 위반 과태료는 ( B )만원이다.
다. 교통안전 시설을 훼손한 자(개인)의 3차 위반 과태료는 ( C )만원이다.",790,800,810,820,3,"가. 미승인자 운전 허용 2차 위반 과태료 300만원 (A=300)
나. 준공 전 이착륙장 사용 3차 위반 과태료 500만원 (B=500)
다. 교통표지 훼손(개인) 3차 위반 과태료 10만원 (C=10)
총합: 300+500+10=810 [출처: 공항시설법 시행령 별표 3]"
91,"공항시설법상 빈칸 (A), (B), (C) 분모의 합은 얼마인가?","가. 착륙대 등급 A의 비정밀접근 및 비계기접근 육상비행장 진입표면 경사도는 ( A )분의 1이다.
나. 비계기접근에 사용되는 헬기장의 착륙대 진입표면 경사도는 원칙적으로 ( B )분의 1이다.
다. 착륙대 등급 2 수상비행장의 진입표면 경사도는 ( C )분의 1이다.",71,72,73,74,3,"가. A등급 비정밀/비계기 진입표면 경사도 1/40 (A=40)
나. 헬기장 진입표면 경사도 1/8 (B=8)
다. 수상비행장 2등급 진입표면 경사도 1/25 (C=25)
총합: 40+8+25=73 [출처: 공항시설법 시행규칙 별표 2]"
92,"공항시설법상 보기박스 내 (A), (B), (C) 숫자를 모두 더한 값은?","가. 레이저광선 위험공역 수평범위는 비행장 표점으로부터 반경 ( A )해리까지이다.
나. 레이저광선 위험공역의 수직범위는 지표로부터 ( B )피트까지이다.
다. 레이저광선 제한공역 허용출력한계는 1㎠당 ( C )나노와트(nW) 이하이다.",10040,10050,10060,10070,3,"가. 위험공역 반경 10해리 (A=10)
나. 수직범위 10,000피트까지 (B=10000)
다. 제한공역 허용출력 50nW/㎠ 이하 (C=50)
총합: 10+10000+50=10060 [출처: 공항시설법 시행규칙 별표 18]"
93,"공항시설법상 다음 (A), (B), (C)에 해당하는 숫자의 합을 구하시오.","가. ILS 활공각제공시설(GP)의 반송파 주파수대는 ( A ).6MHz에서 335.4MHz까지이다.
나. ILS 마커비콘의 주파수는 ( B )MHz ±0.005%이다.
다. 계기착륙시설 카테고리 I의 진입등시스템의 광도는 ( C )cd 이상이다.",5303,5403,5503,5603,2,"가. GP 주파수대 328.6~335.4MHz (A=328)
나. 마커 주파수 75MHz (B=75)
다. CAT-I 진입등시스템 최소 광도 5,000cd (C=5000)
총합: 328+75+5000=5403 [출처: 공항시설법 시행규칙 별표 15, 별표 14]"
94,"공항시설법상 빈칸 (A), (B), (C) 숫자를 모두 합한 값은?","가. 사업시행자는 매수청구를 받은 날부터 ( A )개월 이내에 매수대상 여부를 알려야 한다.
나. 매수대상으로 통보한 토지는 매수대상 알림일부터 ( B )년의 범위에서 매수해야 한다.
다. 실시계획을 고시한 때에는 ( C )일 이상 주민이 공람할 수 있게 해야 한다.",23,24,25,26,3,"가. 매수대상 여부 통보 6개월 이내 (A=6)
나. 매수기한 5년 이내 (B=5)
다. 고시 후 주민 공람 14일 이상 (C=14)
총합: 6+5+14=25 [출처: 공항시설법 제15조, 제4조]"
95,공항시설법상 다음 보기박스의 빈칸에 들어갈 숫자를 합한 값은?,"가. 사용료 연체금의 한도는 체납된 사용료의 100분의 ( A )를 초과하지 않아야 한다.
나. 이행강제금은 명령 불이행 시 ( B )년에 한 번씩 부과징수 할 수 있다.
다. 항공기사고로 사망자가 10명 이상 50명 미만 발생 시, 8만회 이상 운항 공항의 과징금은 ( C )만원이다.",15041,15051,15061,15071,2,"가. 사용료 연체금 한도 100분의 50 (A=50)
나. 이행강제금은 1년에 1회씩 부과 (B=1)
다. 사망 10~50명 미만 8만회 이상 공항 과징금 15,000만원 (C=15000)
총합: 50+1+15000=15051 [출처: 공항시설법 제32조, 제70조, 시행령 별표 1의2]"
96,"항공보안법상 다음 보기박스의 빈칸 (A), (B), (C)에 들어갈 숫자를 모두 더한 값은 얼마인가?","가. 항공보안협의회는 위원장 1명을 포함하여 ( A )명 이내의 위원으로 구성한다.
나. 지방항공보안협의회 위촉위원의 임기는 ( B )년이다.
다. 항공보안장비 시험기관의 기술인력 지정기준 중, 인정받은 시험기관에서 시험업무 경력이 3년 이상인 사람을 ( C )명 이상 보유해야 한다.",22,24,26,28,2,"가. 항공보안협의회는 20명 이내 위원 (A=20)
나. 위촉위원 임기 2년 (B=2)
다. 시험기관 시험업무 경력 3년 이상 인력 2명 이상 필요 (C=2)
총합: 20+2+2=24 [출처: 항공보안법 시행령 제2조, 제3조, 시행규칙 별표 2]"
97,"항공보안법상 빈칸 (A), (B), (C)에 해당하는 숫자의 합을 구하시오.","가. 인천공항의 보안검색위탁업체(승객·휴대물품 및 위탁수하물)로 지정받으려면 자본금이 ( A )억원 이상이어야 한다.
나. 나. 인천공항을 제외한 김포, 김해 및 제주공항의 경우 보안검색인력이 ( B )명 이상이어야 한다.
다. 보안검색교육기관의 전임교관은 ( C )명 이상이어야 한다.",55,60,63,68,3,"가. 인천공항 승객 보안검색위탁업체 자본금 10억원 이상 (A=10)
나. 김포, 김해, 제주공항 검색인력 50명 이상 (B=50)
다. 보안검색교육기관 전임교관 3명 이상 (C=3)
총합: 10+50+3=63 [출처: 항공보안법 시행규칙 제8조, 별표]"
98,"항공보안법상 보기박스 내 (A), (B), (C)의 숫자를 모두 더한 값은?","가. 시험기관이 성능평가시험 결과를 거짓으로 조작해서 수행한 경우 1차 위반 시 업무정지 ( A )일의 처분을 받는다.
나. 정당한 사유 없이 성능평가시험을 실시하지 않은 경우 1차 위반 시 업무정지 ( B )일이다.
다. 지정기준에 따른 절차 등을 위반하여 성능평가시험을 실시한 경우 1차 위반 시 업무정지 ( C )일이다.",160,170,180,190,3,"가. 결과 거짓조작 1차 업무정지 90일 (A=90)
나. 미실시 1차 업무정지 30일 (B=30)
다. 절차 위반 실시 1차 업무정지 60일 (C=60)
총합: 90+30+60=180 [출처: 항공보안법 시행규칙 별표 3]"
99,"항공보안법상 빈칸 (A), (B), (C) 숫자의 합은 얼마인가?","가. 자체 우발계획을 이행하지 않은 자의 1차 위반 과태료는 ( A )만원이다.
나. 항공기 내에서 죄를 범한 범인을 국가경찰관서에 인도하지 않은 항공운송사업자의 1차 위반 과태료는 ( B )만원이다.
다. 통과 승객이나 환승 승객에게 휴대물품을 가지고 내리도록 조치하지 않은 항공운송사업자의 1차 위반 과태료는 ( C )만원이다.",1500,1800,2000,2200,3,"가. 자체우발계획 미이행 1차 과태료 1,000만원 (A=1000)
나. 범인 미인도 1차 과태료 500만원 (B=500)
다. 통과환승객 물품하차 미조치 1차 500만원 (C=500)
총합: 1000+500+500=2000 [출처: 항공보안법 시행령 별표]"
100,항공보안법상 보기박스 빈칸에 들어갈 숫자를 합한 값은?,"가. 항공기 탑승 전 기내 무기 반입 허가 신청은 탑승 최소 ( A )일 전까지 해야 한다.
나. 단, 긴급한 경호 업무 등은 탑승 후 ( B )일 이내에 서면으로 제출해야 한다.
다. 항공운송사업자는 비행 서류를 작성한 날부터 ( C )년 이상 보존하여야 한다.",5,6,7,8,3,"가. 탑승 최소 3일 전 신청 (A=3)
나. 긴급 시 탑승 후 3일 이내 서면 제출 (B=3)
다. 비행 서류 1년 이상 보존 (C=1)
총합: 3+3+1=7 [출처: 항공보안법 시행규칙 제12조의2, 제12조]"
101,"항공보안법상 빈칸 (A), (B), (C)에 해당하는 벌금 상한액(만원 단위)을 더한 값은?","가. 기장등의 업무를 위계 또는 위력으로써 방해한 사람의 벌금 상한액은 ( A )만원이다.
나. 운항 중인 항공기 내에서 폭언, 고성방가 등 소란행위를 한 사람의 벌금 상한액은 ( B )만원이다.
다. 계류 중인 항공기 내에서 다른 사람에게 성적 수치심을 일으키는 행위를 한 사람의 벌금 상한액은 ( C )만원이다.",12500,13000,13500,14000,3,"가. 기장 업무 방해 상한 1억원(10,000만원) (A=10000)
나. 운항 중 소란행위 상한 3천만원 (B=3000)
다. 계류 중 성적 수치심 유발 상한 500만원 (C=500)
총합: 10000+3000+500=13500 [출처: 항공안전법이 아닌 항공보안법 제49조, 제50조]"
102,"항공보안법상 다음 (A), (B), (C), (D)에 알맞은 숫자의 총합은 얼마인가?","가. 보안검색교육기관 강의실 면적은 ( A )제곱미터 이상이어야 한다.
나. 실습실 면적은 ( B )제곱미터 이상이어야 한다.
다. 야간교육 시 조명시설은 책상면과 칠판면 조도가 ( C )럭스 이상이어야 한다.
라. 교육용 위해물품을 ( D )종 이상 보유해야 한다.",285,295,305,315,1,"가. 강의실 면적 60㎡ 이상 (A=60)
나. 실습실 면적 45㎡ 이상 (B=45)
다. 조도 150룩스 이상 (C=150)
라. 위해물품 30종 이상 보유 (D=30)
총합: 60+45+150+30=285 [출처: 항공보안법 시행규칙 별표]"
103,"항공보안법상 빈칸 (A), (B), (C) 숫자의 합은?","가. 상용화주 지정 신청일 이전 6개월 이내 기간 중 총 ( A )회 이상 항공화물을 운송 의뢰한 실적이 있어야 한다.
나. 항공보안검색요원을 ( B )명 이상 확보해야 한다.
다. 상용화주 지정 취소를 통보받은 경우 ( C )일 이내에 지정서를 반납해야 한다.",36,40,44,48,1,"가. 운송 의뢰 실적 24회 이상 (A=24)
나. 보안검색요원 2명 이상 확보 (B=2)
다. 취소 시 10일 이내 반납 (C=10)
총합: 24+2+10=36 [출처: 항공보안법 시행규칙 제9조의2, 제9조의4]"
104,"항공보안법상 다음 빈칸 (A), (B), (C)에 들어갈 숫자를 모두 더한 값은?","가. 기내 무기 반입을 위해 탑승 최소 ( A )일 전까지 신청해야 한다.
나. 무기 반입 긴급 시 탑승 후 ( B )일 이내에 서면으로 제출해야 한다.
다. 보안검색교육기관이 교육 전 과정을 ( C )년 이상 운영하지 않으면 지정이 취소될 수 있다.",8,9,10,11,1,"가. 무기 반입 신청 탑승 3일 전 (A=3)
나. 긴급 시 탑승 후 3일 이내 서면 제출 (B=3)
다. 교육기관 2년 이상 미운영 시 취소 (C=2)
총합: 3+3+2=8 [출처: 항공보안법 시행규칙 제12조의2, 법 제28조]"
105,"항공보안법상 보기박스 내 (A), (B), (C) 숫자를 모두 더한 값은?","가. 항공기 운항과 관련된 항공시설을 파손하여 안전운항을 해친 자의 징역형 상한은 ( A )년이다.
나. 폭행·협박 또는 위계로써 기장등의 정당한 직무집행을 방해하여 항공기와 승객의 안전을 해친 사람의 징역형 상한은 ( B )년이다.
다. 운항 중인 항공기의 안전을 해칠 정도로 항공기를 파손한 사람의 최저 징역형은 ( C )년 이상의 징역이다.",22,25,28,30,2,"가. 시설 파손 안전운항 저해 10년 이하 징역 (A=10)
나. 직무집행 방해 10년 이하 징역 (B=10)
다. 운항 중 항공기 파손 5년 이상 징역 (C=5)
총합: 10+10+5=25 [출처: 항공보안법 제39조, 제41조, 제43조]"
106,"항공보안법상 보기박스의 (A), (B), (C)에 해당하는 숫자의 합을 구하시오.","가. 통과 승객에게 휴대물품을 가지고 내리도록 조치하지 않은 항공운송사업자의 2차 위반 과태료는 ( A )만원이다.
나. 보안검색에 관한 기록을 작성·유지하지 않은 자의 2차 위반 과태료는 ( B )만원이다.
다. 자체 보안계획을 이행하지 않은 자의 2차 위반 과태료는 ( C )만원이다.",1800,1900,2000,2100,2,"가. 휴대물품 미조치 2차 750만원 (A=750)
나. 검색기록 미작성 2차 400만원 (B=400)
다. 자체보안계획 미이행 2차 750만원 (C=750)
총합: 750+400+750=1900 [출처: 항공보안법 시행령 별표]"
107,"항공보안법상 다음 빈칸 (A), (B), (C) 숫자의 합은?","가. 시험기관 지정취소 가중처분 기준은 최근 ( A )년 동안 같은 위반행위로 처분을 받은 경우에 적용된다.
나. 거짓 조작으로 시험결과 수행 시 1차 업무정지 ( B )일이다.
다. 업무정지 기간에 성능평가시험을 실시한 경우 1차 위반 시 ( C )처분이다. (단, 취소=1, 정지=2, 시정=3)",94,96,98,100,1,"가. 최근 3년 동안 위반 시 가중처분 (A=3)
나. 조작 수행 1차 업무정지 90일 (B=90)
다. 업무정지 기간 중 시험 실시 1차 취소(1로 환산) (C=1)
총합: 3+90+1=94 [출처: 항공보안법 시행규칙 별표 3]"
108,"항공보안법상 빈칸 (A), (B), (C)에 해당하는 숫자를 모두 더한 값은?","가. 항공운송사업자는 보안검색기록을 ( A )년 이상 보존해야 한다.
나. 화물터미널 운영자도 보안구역 출입 기록을 ( B )년 이상 보존해야 한다.
다. 통과 승객의 보안검색에 드는 비용은 공항운영자가 부담하며, 통과승객 운송정보는 항공운송사업자가 제공해야 한다. (비용 부담자: 공항운영자=1, 항공운송사업자=2) -> ( C )",2,3,4,5,2,"가. 보안검색기록 1년 이상 보존 (A=1)
나. 보호구역 출입 기록 1년 이상 보존 (B=1)
다. 통과 승객 검색비용은 공항운영자 부담 (C=1)
총합: 1+1+1=3 [출처: 항공보안법 시행규칙 제6조, 제16조, 제17조]"
109,"항공안전법상 다음 보기박스의 빈칸 (A), (B), (C)에 들어갈 숫자를 모두 더한 값은 얼마인가?","가. 운송용 조종사(비행기) 자격을 신청하려는 자는 ( A )시간 이상의 기장 외의 조종사로서 기장의 감독 하에 기장의 임무를 수행한 비행경력이 필요하다. (단, 250시간의 기장 비행경력이 없는 경우로 기장으로서 70시간 비행경력 보유)
나. 운송용 조종사(비행기)의 야외 비행경력 중 기장으로서 ( B )시간 이상의 비행경력이 포함되어야 한다.
다. 운송용 조종사(비행기)의 야간 비행경력은 기장 또는 기장 외의 조종사로서 ( C )시간 이상이어야 한다.",510,540,560,600,3,"가. 기장으로서 최소 70시간 비행시 2배를 곱해 140시간. 500 - 140 = 360시간 필요. (A=360)
나. 야외비행 200시간 중 기장 100시간 이상 필요. (B=100)
다. 야간비행경력은 100시간 이상 필요. (C=100)
총합: 360 + 100 + 100 = 560 [출처: 항공안전법 시행규칙 별표 4]"
110,항공안전법상 다음 보기박스의 빈칸에 들어갈 숫자를 모두 합한 값은?,"가. 헬리콥터 사업용 조종사 자격증명을 신청하기 위해 기장으로서 야외 비행경력은 ( A )시간 이상이어야 한다.
나. 이 경우 총 ( B )킬로미터 이상의 구간에서 2개의 다른 지점에서의 착륙비행과정을 포함해야 한다.
다. 헬리콥터 사업용 조종사 야간 비행경력은 기장으로서 이륙과 착륙이 각각 ( C )회 이상 포함된 5시간 이상이어야 한다.",315,555,320,550,1,"가. 기장으로서 10시간 이상의 야외 비행경력 (A=10)
나. 총 300킬로미터 이상의 구간에서 2개의 다른 지점 착륙 (B=300)
다. 이착륙 각각 5회 이상 (C=5)
총합: 10+300+5=315 [출처: 항공안전법 시행규칙 별표 4]"
111,"항공안전법상 다음 보기박스의 빈칸 (A), (B), (C)에 알맞은 숫자의 합은?","가. 자가용 조종사(비행기) 자격을 위한 단독 비행경력은 ( A )시간 이상이어야 한다.
나. 야외 비행경력을 포함한 단독 비행경력 중 ( B )킬로미터 이상의 구간 비행 중 2개의 다른 비행장에서의 이륙·완전착륙 경력을 포함해야 한다.
다. 자가용 조종사 비행시간 산정 시 지방항공청장이 지정한 모의비행훈련장치 비행시간은 최대 ( C )시간 인정된다.",280,285,290,300,2,"가. 단독 비행경력 10시간 이상 (A=10)
나. 270킬로미터 이상 구간 (B=270)
다. 모의비행장치 최대 5시간 인정 (C=5)
총합: 285 [출처: 항공안전법 시행규칙 별표 4]"
112,항공안전법상 보기박스 내 빈칸 (A)~(D)의 숫자를 모두 더한 값은?,"가. 등록기호표는 가로 ( A )센티미터, 세로 ( B )센티미터의 직사각형 내화금속으로 제작한다.
나. 비행기 주 날개에 등록부호를 표시할 경우 문자와 숫자의 높이는 ( C )센티미터 이상이어야 한다.
다. 등록부호 선의 굵기는 문자 및 숫자 높이의 ( D )분의 1이어야 한다.",58,62,68,74,3,"가. 가로 7cm, 세로 5cm (A=7, B=5)
나. 주날개 표시 시 50cm 이상 (C=50)
다. 선 굵기는 높이의 1/6 (D=6)
총합: 68 [출처: 항공안전법 시행규칙 제12조, 제15조, 제16조]"
113,항공안전법상 보기박스의 빈칸에 들어갈 숫자를 더한 값은?,"가. 1명의 조종사로 승객을 수송하는 항공운송사업에 종사하는 45세 조종사의 제1종 항공신체검사증명 유효기간은 ( A )개월이다.
나. 사업용 활공기 조종사(40세 미만)의 제2종 항공신체검사증명 유효기간은 ( B )개월이다.
다. 항공교통관제사(55세)의 제3종 항공신체검사증명 유효기간은 ( C )개월이다.",30,36,42,48,3,"가. 1인 조종사 여객수송 40세 이상은 6개월 (A=6)
나. 사업용 활공기 조종사는 전연령 12개월 (B=12)
다. 제3종 관제사 50세 이상은 24개월 (C=24)
총합: 42 [출처: 항공안전법 시행규칙 별표 8]"
114,"항공안전법상 빈칸 (A), (B), (C)에 알맞은 숫자의 합은?","가. 혈중알코올농도 0.05% 상태로 항공업무에 종사한 자의 자격증명 효력정지 기간은 ( A )일이다.
나. 혈중알코올농도 0.07% 상태로 조종연습을 한 조종연습생의 연습허가 효력정지 기간은 ( B )일이다.
다. 마약류를 사용하여 항공업무에 1차 위반한 경우 효력정지 기간은 ( C )일이다.",180,210,240,270,3,"가. 0.02~0.06% 미만은 60일 정지 (A=60)
나. 0.06~0.09% 미만은 120일 정지 (B=120)
다. 마약류 1차 위반 60일 정지 (C=60)
총합: 240 [출처: 항공안전법 시행규칙 별표 10, 별표 10의2]"
115,항공안전법상 보기박스 내용 중 빈칸에 들어갈 숫자의 총합을 구하시오.,"가. 국제항공운송사업자가 고의나 중과실로 항공기사고를 내어 사망자가 130명 발생한 경우 과징금은 ( A )백만원이다.
나. 위 사고로 인해 중상자 24명, 사망자 3명이 추가로 발생하였다면, 처분 기준상 총 사망자는 ( B )명으로 간주된다.
다. 항공기사용사업자가 중과실로 사고를 내어 사망 15명 발생 시 과징금은 ( C )백만원이다.",7695,7705,7755,7805,2,"가. 국제항공운송사업자 사망 100~150명 미만 과징금 7,200백만원 (A=7200)
나. 중상자 2명은 사망 1명 간주. 중상 24명 = 사망 12명. 130+12+3 = 145명 (B=145)
다. 항공기사용사업자 사망 10~50명 미만 과징금 360백만원 (C=360)
총합: 7705 [출처: 항공안전법 시행령 별표 3]"
116,"항공안전법상 보기박스의 (A), (B), (C)에 들어갈 숫자를 합한 값은?","가. 해발 3,050미터 미만, E등급 공역에서 시계비행 시 요구되는 비행시정은 ( A )미터 이상이어야 한다.
나. 지표면으로부터 750미터 이하의 C등급 공역에서 비행 시 지시대기속도 ( B )노트 이하로 비행해야 한다.
다. 해발 3,050미터 이상 구역에서 곡예비행을 할 수 있는 비행시정은 ( C )미터 이상이어야 한다.",13000,13200,13500,13700,2,"가. 3050m 미만 시계비행 시정 5,000m (A=5000)
나. C,D공역 지표 750m 이하 반경 7.4km 내 200노트 이하 (B=200)
다. 곡예비행 3050m 이상 시 비행시정 8,000m (C=8000)
총합: 13200 [출처: 항공안전법 시행규칙 별표 24, 제169조, 제197조]"
117,"항공안전법상 보기박스의 빈칸 (A), (B), (C)의 숫자를 합한 값은?","가. 승객 좌석수가 150석인 항공기에 탑승시켜야 할 최소 객실승무원 수는 ( A )명이다.
나. 위 항공기에 비치해야 할 최소 소화기 개수는 ( B )개이다.
다. 승객 좌석수가 250석인 항공기의 경우 최소 손확성기(메가폰)의 수는 ( C )개이다.",8,9,10,11,2,"가. 101~150석은 객실승무원 3명 (A=3)
나. 61~200석 소화기 3개 (B=3)
다. 200석 이상 손확성기 3개 (C=3)
총합: 9 [출처: 항공안전법 시행규칙 별표 15, 제218조]"
118,"항공안전법상 빈칸 (A), (B), (C)에 들어갈 숫자를 모두 더한 값은?","가. 기장 2명, 기장 외의 조종사 1명 탑승 시 연속 24시간 동안 최대 비행근무시간은 ( A )시간이다.
나. 이들의 연속 28일 동안 최대 승무시간은 ( B )시간이다.
다. 기장 1명, 기장 외 조종사 1명 탑승 시 시차가 4시간 초과 지역 운항 후 최소 36시간 휴식을 못 취한 경우 최대 비행근무시간에서 ( C )분을 단축한다.",156.5,166.5,176.5,186.5,2,"가. 기장2+부조종사1 편성 24시간 최대 비행근무 16.5시간 (A=16.5)
나. 연속 28일 최대 승무시간 120시간 (B=120)
다. 시차 4시간 초과 휴식 미충족 시 30분 단축 (C=30)
총합: 166.5 [출처: 항공안전법 시행규칙 별표 18]"
119,"항공안전법상 보기박스 (A), (B), (C)에 해당하는 숫자의 합은 얼마인가?","가. 자가용 조종사(비행기) 과정의 학과교육 총시간은 ( A )시간 이상이어야 한다.
나. 사업용 조종사(비행기) 과정의 학과교육 총시간은 자가용 과정을 포함하여 ( B )시간 이상이어야 한다.
다. 항공정비사(비행기 과정)의 총교육시간은 ( C )시간 이상이어야 한다.",2850,3000,3100,3200,3,"가. 자가용 학과교육 180시간 (A=180)
나. 사업용 학과교육 510시간 (B=510)
다. 항공정비사 비행기 과정 2410시간 (C=2410)
총합: 3100 [출처: 항공안전법 시행규칙 별표 12]"
120,"항공안전법상 빈칸 (A), (B), (C)의 숫자를 모두 더한 값은?","가. 모의비행훈련장치 유효기간은 1년이나, 품질관리시스템 운영 시 ( A )년 연장할 수 있다.
나. 최대이륙중량 27,000kg 초과 비행기 비행기록장치의 비행자료 기록시간은 최소 ( B )시간이다.
다. 여압장치가 없는 항공기가 기내 대기압 700hPa 미만 ~ 620hPa 이상에서 ( C )분을 초과하여 비행시 산소 공급이 필요하다.",52,57,62,67,2,"가. 품질관리시스템 운영시 2년 연장 (A=2)
나. 27,000kg 초과 비행기 FDR 기록 25시간 (B=25)
다. 700~620hPa 사이 30분 초과 시 산소 필요 (C=30)
총합: 57 [출처: 항공안전법 제39조의2, 항공안전법 시행규칙 제109조, 제114조]"
121,"항공안전법상 빈칸 (A), (B), (C)에 해당하는 나이를 합한 값은?","가. 자가용 조종사 자격증명을 받을 수 있는 최소 연령은 ( A )세이다.
나. 운송용 조종사 자격증명을 받을 수 있는 최소 연령은 ( B )세이다.
다. 항공정비사 자격증명을 받을 수 있는 최소 연령은 ( C )세이다.",54,55,56,57,3,"가. 자가용 조종사 17세 (활공기 한정시 16세이나 일반조건 17세) (A=17)
나. 운송용 조종사 21세 (B=21)
다. 항공정비사 18세 (C=18)
총합: 56 [출처: 항공안전법 제34조]"
122,"항공안전법상 보기박스 내 (A), (B), (C)의 숫자를 합한 값은?","가. 항공기 변경등록 신청은 사유가 발생한 날부터 ( A )일 이내에 해야 한다.
나. 항공기 멸실 시 말소등록 신청은 사유 발생일로부터 ( B )일 이내에 해야 한다.
다. 변경등록 신청을 3차 이상 위반 시 부과되는 과태료는 ( C )만원이다.",215,230,245,260,2,"가. 변경등록 15일 이내 (A=15)
나. 말소등록 15일 이내 (B=15)
다. 변경/말소 미신청 3차 이상 과태료 200만원 (C=200)
총합: 230 [출처: 항공안전법 제13조, 제15조, 시행령 별표 5]"
123,"항공안전법상 빈칸 (A), (B), (C) 숫자의 합은?","가. 쌍발비행기가 이륙교체비행장을 지정할 때, 1개 발동기 부작동 순항속도로 출발비행장에서 ( A )시간 비행거리 내에 있어야 한다.
나. 3발 이상 비행기는 모든 발동기 작동 순항속도로 ( B )시간 비행거리 이내여야 한다.
다. 항공운송사업 비행기가 교체비행장이 없는 외딴 목적지로 계기비행할 때, 목적지 상공에서 정상 순항 연료소모율로 ( C )시간 더 비행할 연료가 필요하다.",4,5,6,7,2,"가. 쌍발기 이륙교체비행장 1시간 이내 (A=1)
나. 3발기 이상 이륙교체비행장 2시간 이내 (B=2)
다. 교체비행장 없는 계기비행 시 2시간 체공 연료 (C=2)
총합: 5 [출처: 항공안전법 시행규칙 제186조, 별표 17]"
124,"항공안전법상 빈칸 (A), (B), (C)에 해당하는 숫자의 합을 구하시오.","가. 시계비행 항공기가 인구 밀집 지역 상공 비행 시 수평거리 ( A )미터 내 가장 높은 장애물에서 ( B )미터 고도를 유지해야 한다.
나. 계기비행 항공기가 산악지역 비행 시 수평 반경 ( C )킬로미터 내 가장 높은 장애물에서 600미터 고도를 유지해야 한다.",908,910,1008,1100,1,"가. 시계비행 밀집지역 수평 600m 내 가장 높은 장애물에서 300m 이상 (A=600, B=300)
나. 계기비행 산악지역 반경 8km 내 600m 고도 (C=8)
총합: 908 [출처: 항공안전법 시행규칙 제199조]"
125,"항공안전법상 빈칸 (A), (B), (C) 숫자를 더한 값은?","가. 비행근무시간이 11시간 이상 12시간 미만인 경우 최소 휴식시간은 ( A )시간 이상이어야 한다.
나. 운항승무원은 연속 7일마다 최소 연속 ( B )시간 이상의 휴식을 취해야 한다.
다. 운항관리사의 연속 24시간 동안 최대 근무시간은 ( C )시간 이하이다.",52,53,54,55,3,"가. 비행근무시간 11~12시간 미만의 휴식시간은 14시간 (A=14)
나. 연속 7일마다 30시간 휴식 (B=30)
다. 운항관리사 24시간 내 10시간 근무 (C=10)
총합: 54 [출처: 항공안전법 시행규칙 별표 18, 제128조의2]"
126,"항공안전법상 다음 빈칸 (A), (B), (C)에 해당하는 수의 합은?","가. 항공기준사고 발생 시 보고 기한은 즉시, 단 항공안전장애 중 화재, 연기, 고장 등의 경우 인지한 때로부터 ( A )시간 이내이다.
나. 그 외 운항 관련 경미한 장애 등은 발생 인지 시점으로부터 ( B )시간 이내에 보고해야 한다.
다. 항공전문의사 지정 취소를 받은 자는 취소일로부터 ( C )년간 지정을 신청할 수 없다.",168,170,172,174,2,"가. 제5호 화재, 기체고장 등은 96시간 이내 (A=96)
나. 제1~4, 6, 7호 장애는 72시간 이내 (B=72)
다. 전문의사 취소 시 2년 신청제한 (C=2)
총합: 170 [출처: 항공안전법 시행규칙 제134조, 법 제50조]"
127,"항공안전법상 빈칸 (A), (B), (C), (D) 숫자를 모두 합한 값은?","가. 행글라이더 및 패러글라이더의 자체중량 기준은 탑승자 및 비상용 장비 제외 ( A )kg 이하이다.
나. 무인동력비행장치의 자체중량 기준은 연료 제외 ( B )kg 이하이다.
다. 무인비행선은 연료 제외 자체중량 ( C )kg 이하, 길이 ( D )m 이하이다.",410,420,430,440,2,"가. 자체중량 70kg 이하 (A=70)
나. 연료 제외 자체중량 150kg 이하 (B=150)
다. 연료 제외 자체중량 180kg 이하, 길이 20m 이하 (C=180, D=20)
총합: 420 [출처: 항공안전법 시행규칙 제5조]"
128,"항공안전법상 다음 (A), (B), (C)에 알맞은 숫자의 총합은 얼마인가?","가. 제2종(CAT-II) 정밀접근의 결심고도는 30m 이상 60m 미만, RVR은 ( A )m 이상 550m 미만이다.
나. 제3종(CAT-III) 정밀접근 시 RVR 175m 미만을 적용하기 위해서는 Fail-operational 시스템의 경우, 착륙활주로의 측풍이 ( B )노트를 초과하면 진입해서는 안된다.
다. CAT-II 인가를 위한 해당 형식 기장 비행시간이 ( C )시간 미만인 기장은 RVR 550m 이상의 최저치를 적용해야 한다.",410,415,420,425,2,"가. CAT-II RVR은 300m 이상 550m 미만 (A=300)
나. 측풍 제한은 15노트 (B=15)
다. 기장 비행시간 100시간 미만 시 최저치 상향 (C=100)
총합: 415 [출처: 항공안전법 시행규칙 별표 25]"
129,"항공안전법상 빈칸 (A), (B), (C)에 알맞은 숫자를 모두 합한 값은?","가. 조종자 증명을 받지 않고 초경량비행장치를 비행한 사람의 과태료 상한액은 ( A )만원이다.
나. 안전성인증을 받지 않고 초경량비행장치를 비행한 사람의 1차 위반 과태료는 ( B )만원이다.
다. 초경량비행장치 말소신고를 하지 않은 경우 1차 위반 과태료는 ( C )만원이다.",655,665,675,685,2,"가. 조종자 증명 미소지 최고 400만원 (A=400)
나. 안전성인증 미필 1차 250만원 (B=250)
다. 말소신고 미필 1차 15만원 (C=15)
총합: 665 [출처: 항공안전법 제166조, 시행령 별표 5]"
130,"항공안전법상 빈칸 (A), (B), (C) 숫자의 합은 얼마인가?","가. 비상위치지시용 무선표지설비(ELT)의 신호 송신 주파수는 121.5MHz와 ( A )MHz이다.
나. 통신두절 시 트랜스폰더 코드는 ( B )으로 조정한다.
다. 민간항공기가 요격을 당할 때 지시가 없으면 트랜스폰더 코드를 ( C )으로 맞춘다.",15606,15706,15806,15906,2,"가. ELT 주파수 406MHz (A=406)
나. 통신두절 코드 7600 (B=7600)
다. 요격 시 코드 7700 (C=7700)
총합: 15706 [출처: 항공안전법 시행규칙 제107조, 제190조, 별표 26]"
131,"항공안전법상 빈칸 (A), (B), (C)에 해당하는 숫자의 합을 구하시오.","가. 전문교육기관 교육 이수 후 ( A )일 이내에 같은 형식 항공기 한정심사 응시 시 실기시험 면제
나. 운항승무원이 외국에서 6개월 이상 체류 시 자가용 조종사는 ( B )개월까지 신체검사증명 연장 가능
다. 항공교통관제사 한정심사 대상자가 감시지역관제업무 한정을 받으려면 ( C )개월 이상 수행 경력 필요",205,206,207,208,3,"가. 교육 이수 후 180일 이내 응시 시 면제 (A=180)
나. 자가용 조종사 최대 24개월 연장 (B=24)
다. 감시지역관제업무 3개월 이상 수행 (C=3)
총합: 207 [출처: 항공안전법 시행규칙 제89조, 제94조, 별표 4]"
132,"항공안전법상 보기박스 (A), (B), (C) 숫자를 모두 더한 값은?","가. 항공정비사(비행기) 자격 종류 한정을 신청하려면 ( A )개월 이상의 해당 항공기 종류 정비업무경력을 포함한 4년 이상의 경력이 필요하다.
나. 전자·전기·계기 분야 한정을 신청하려면 해당 분야 ( B )년 이상의 정비실무경력이 필요하다.
다. 항공정비사 전문교육기관 비행기과정을 이수한 사람은 정비업무경력이 ( C )년 이상이면 제한 없이 비행기 분야 정비가 가능하다.",8,9,10,11,3,"가. 해당 항공기 6개월 포함 총 4년 이상 (A=6)
나. 전기전자계기 한정은 취득일로부터 2년 이상 실무경력 (B=2)
다. 교육기관 이수자는 2년 이상 시 5700kg 제한 해제 (C=2)
총합: 10 [출처: 항공안전법 시행규칙 별표 4, 제81조]"
133,"항공안전법상 빈칸 (A), (B), (C)에 해당하는 수의 합은 얼마인가?","가. 피트 단위를 사용하는 수직분리축소공역(RVSM)은 FL290 이상 FL( A ) 이하이다.
나. 이 구간에서의 수직분리최저치는 ( B )피트이다.
다. 미터 단위를 사용하는 경우, ( C )미터 이상 12,500미터 이하 구간에서 300미터 수직분리가 적용된다.",10210,10310,10410,10510,2,"가. FL410 이하 (A=410)
나. 수직분리최저치 1000피트 (B=1000)
다. 미터 단위는 8,900미터 이상 (C=8900)
총합: 10310 [출처: 항공안전법 시행규칙 별표 21]"
